param,mean,median,ci_0.950_LB,ci_0.950_UB
Q_ind_1_anc_1-1,0.000019,0.000000,0.000000,0.000204
Q_ind_2_anc_1-1,0.000019,0.000000,0.000000,0.000210
Q_ind_3_anc_1-1,0.000022,0.000000,0.000000,0.000243
Q_ind_4_anc_1-1,0.000019,0.000000,0.000000,0.000201
Q_ind_5_anc_1-1,0.000019,0.000000,0.000000,0.000216
Q_ind_6_anc_1-1,0.000021,0.000000,0.000000,0.000235
Q_ind_7_anc_1-1,0.000019,0.000000,0.000000,0.000207
Q_ind_8_anc_1-1,0.000024,0.000000,0.000000,0.000262
Q_ind_9_anc_1-1,0.000018,0.000000,0.000000,0.000196
Q_ind_10_anc_1-1,0.000026,0.000000,0.000000,0.000260
Q_ind_11_anc_1-1,0.000035,0.000000,0.000000,0.000378
Q_ind_12_anc_1-1,0.000019,0.000000,0.000000,0.000201
Q_ind_13_anc_1-1,0.000023,0.000000,0.000000,0.000251
Q_ind_14_anc_1-1,0.000020,0.000000,0.000000,0.000221
Q_ind_15_anc_1-1,0.000017,0.000000,0.000000,0.000192
Q_ind_16_anc_1-1,0.000024,0.000000,0.000000,0.000266
Q_ind_17_anc_1-1,0.000019,0.000000,0.000000,0.000212
Q_ind_18_anc_1-1,0.000017,0.000000,0.000000,0.000178
Q_ind_19_anc_1-1,0.000022,0.000000,0.000000,0.000231
Q_ind_20_anc_1-1,0.000024,0.000000,0.000000,0.000260
Q_ind_21_anc_1-1,0.000022,0.000000,0.000000,0.000258
Q_ind_22_anc_1-1,0.000025,0.000000,0.000000,0.000268
Q_ind_23_anc_1-1,0.000017,0.000000,0.000000,0.000180
Q_ind_24_anc_1-1,0.000027,0.000000,0.000000,0.000311
Q_ind_25_anc_1-1,0.000020,0.000000,0.000000,0.000225
Q_ind_26_anc_1-1,0.000018,0.000000,0.000000,0.000208
Q_ind_27_anc_1-1,0.000031,0.000000,0.000000,0.000346
Q_ind_28_anc_1-1,0.000054,0.000000,0.000000,0.000572
Q_ind_29_anc_1-1,0.000021,0.000000,0.000000,0.000225
Q_ind_30_anc_1-1,0.000021,0.000000,0.000000,0.000222
Q_ind_31_anc_1-1,0.999955,0.999999,0.999604,1.000000
Q_ind_32_anc_1-1,0.999960,0.999999,0.999662,1.000000
Q_ind_33_anc_1-1,0.998429,0.998536,0.996122,1.000000
Q_ind_34_anc_1-1,0.999940,0.999998,0.999463,1.000000
Q_ind_35_anc_1-1,0.999954,0.999999,0.999603,1.000000
Q_ind_36_anc_1-1,0.999894,0.999997,0.999099,1.000000
Q_ind_37_anc_1-1,0.999870,0.999994,0.999002,1.000000
Q_ind_38_anc_1-1,0.999961,0.999999,0.999630,1.000000
Q_ind_39_anc_1-1,0.999897,0.999998,0.999067,1.000000
Q_ind_40_anc_1-1,0.999956,0.999999,0.999599,1.000000
Q_ind_41_anc_1-1,0.999947,0.999999,0.999518,1.000000
Q_ind_42_anc_1-1,0.999957,0.999999,0.999619,1.000000
Q_ind_43_anc_1-1,0.999961,0.999999,0.999641,1.000000
Q_ind_44_anc_1-1,0.999959,0.999999,0.999634,1.000000
Q_ind_45_anc_1-1,0.999956,0.999999,0.999596,1.000000
Q_ind_46_anc_1-1,0.999302,0.999464,0.997651,1.000000
Q_ind_47_anc_1-1,0.999957,0.999999,0.999607,1.000000
Q_ind_48_anc_1-1,0.999956,0.999999,0.999592,1.000000
Q_ind_49_anc_1-1,0.999952,0.999999,0.999583,1.000000
Q_ind_50_anc_1-1,0.999878,0.999996,0.998948,1.000000
Q_ind_51_anc_1-1,0.999739,0.999991,0.997739,1.000000
Q_ind_52_anc_1-1,0.999952,0.999999,0.999586,1.000000
Q_ind_53_anc_1-1,0.999957,0.999999,0.999627,1.000000
Q_ind_54_anc_1-1,0.999953,0.999999,0.999561,1.000000
Q_ind_55_anc_1-1,0.997784,0.997831,0.994236,1.000000
Q_ind_56_anc_1-1,0.999940,0.999998,0.999484,1.000000
Q_ind_57_anc_1-1,0.999938,0.999998,0.999494,1.000000
Q_ind_58_anc_1-1,0.998403,0.998693,0.994700,1.000000
Q_ind_59_anc_1-1,0.999900,0.999996,0.999172,1.000000
Q_ind_60_anc_1-1,0.999952,0.999999,0.999570,1.000000
Q_ind_61_anc_1-1,0.000092,0.000000,0.000000,0.000837
Q_ind_62_anc_1-1,0.000021,0.000000,0.000000,0.000242
Q_ind_63_anc_1-1,0.000018,0.000000,0.000000,0.000204
Q_ind_64_anc_1-1,0.000018,0.000000,0.000000,0.000211
Q_ind_65_anc_1-1,0.000031,0.000000,0.000000,0.000353
Q_ind_66_anc_1-1,0.000021,0.000000,0.000000,0.000219
Q_ind_67_anc_1-1,0.000030,0.000000,0.000000,0.000323
Q_ind_68_anc_1-1,0.000021,0.000000,0.000000,0.000223
Q_ind_69_anc_1-1,0.000020,0.000000,0.000000,0.000236
Q_ind_70_anc_1-1,0.000021,0.000000,0.000000,0.000237
Q_ind_71_anc_1-1,0.000021,0.000000,0.000000,0.000215
Q_ind_72_anc_1-1,0.000019,0.000000,0.000000,0.000210
Q_ind_73_anc_1-1,0.000020,0.000000,0.000000,0.000213
Q_ind_74_anc_1-1,0.000021,0.000000,0.000000,0.000235
Q_ind_75_anc_1-1,0.000022,0.000000,0.000000,0.000249
Q_ind_76_anc_1-1,0.000122,0.000000,0.000000,0.000955
Q_ind_77_anc_1-1,0.000025,0.000000,0.000000,0.000253
Q_ind_78_anc_1-1,0.000034,0.000000,0.000000,0.000375
Q_ind_79_anc_1-1,0.000024,0.000000,0.000000,0.000266
Q_ind_80_anc_1-1,0.000083,0.000000,0.000000,0.000864
Q_ind_81_anc_1-1,0.000038,0.000000,0.000000,0.000428
Q_ind_82_anc_1-1,0.000029,0.000000,0.000000,0.000320
Q_ind_83_anc_1-1,0.000023,0.000000,0.000000,0.000241
Q_ind_84_anc_1-1,0.000032,0.000000,0.000000,0.000348
Q_ind_85_anc_1-1,0.000028,0.000000,0.000000,0.000300
Q_ind_86_anc_1-1,0.000030,0.000000,0.000000,0.000341
Q_ind_87_anc_1-1,0.000018,0.000000,0.000000,0.000190
Q_ind_88_anc_1-1,0.000025,0.000000,0.000000,0.000278
Q_ind_89_anc_1-1,0.000019,0.000000,0.000000,0.000211
Q_ind_90_anc_1-1,0.000029,0.000000,0.000000,0.000326
Q_ind_91_anc_1-1,0.000030,0.000000,0.000000,0.000329
Q_ind_92_anc_1-1,0.000020,0.000000,0.000000,0.000218
Q_ind_93_anc_1-1,0.000105,0.000000,0.000000,0.001105
Q_ind_94_anc_1-1,0.000036,0.000000,0.000000,0.000382
Q_ind_95_anc_1-1,0.000045,0.000000,0.000000,0.000515
Q_ind_96_anc_1-1,0.000066,0.000000,0.000000,0.000710
Q_ind_97_anc_1-1,0.000031,0.000000,0.000000,0.000335
Q_ind_98_anc_1-1,0.000033,0.000000,0.000000,0.000348
Q_ind_99_anc_1-1,0.000026,0.000000,0.000000,0.000279
Q_ind_100_anc_1-1,0.000027,0.000000,0.000000,0.000306
Q_ind_101_anc_1-1,0.000026,0.000000,0.000000,0.000282
Q_ind_102_anc_1-1,0.000021,0.000000,0.000000,0.000217
Q_ind_103_anc_1-1,0.000044,0.000000,0.000000,0.000496
Q_ind_104_anc_1-1,0.000029,0.000000,0.000000,0.000334
Q_ind_105_anc_1-1,0.000030,0.000000,0.000000,0.000338
Q_ind_106_anc_1-1,0.000936,0.000784,0.000020,0.002677
Q_ind_107_anc_1-1,0.000024,0.000000,0.000000,0.000247
Q_ind_108_anc_1-1,0.000032,0.000000,0.000000,0.000354
Q_ind_109_anc_1-1,0.000017,0.000000,0.000000,0.000182
Q_ind_110_anc_1-1,0.000060,0.000000,0.000000,0.000614
Q_ind_111_anc_1-1,0.000018,0.000000,0.000000,0.000200
Q_ind_112_anc_1-1,0.000020,0.000000,0.000000,0.000205
Q_ind_113_anc_1-1,0.000025,0.000000,0.000000,0.000266
Q_ind_114_anc_1-1,0.000034,0.000000,0.000000,0.000389
Q_ind_115_anc_1-1,0.000021,0.000000,0.000000,0.000226
Q_ind_116_anc_1-1,0.000098,0.000000,0.000000,0.000783
Q_ind_117_anc_1-1,0.000019,0.000000,0.000000,0.000210
Q_ind_118_anc_1-1,0.000411,0.000278,0.000000,0.001584
Q_ind_119_anc_1-1,0.000018,0.000000,0.000000,0.000204
Q_ind_120_anc_1-1,0.000018,0.000000,0.000000,0.000189
Q_ind_121_anc_1-1,0.000031,0.000000,0.000000,0.000337
Q_ind_122_anc_1-1,0.000026,0.000000,0.000000,0.000283
Q_ind_123_anc_1-1,0.000023,0.000000,0.000000,0.000250
Q_ind_124_anc_1-1,0.000020,0.000000,0.000000,0.000221
Q_ind_125_anc_1-1,0.000019,0.000000,0.000000,0.000210
Q_ind_126_anc_1-1,0.000028,0.000000,0.000000,0.000304
Q_ind_127_anc_1-1,0.000032,0.000000,0.000000,0.000347
Q_ind_128_anc_1-1,0.000024,0.000000,0.000000,0.000263
Q_ind_129_anc_1-1,0.000018,0.000000,0.000000,0.000188
Q_ind_130_anc_1-1,0.000019,0.000000,0.000000,0.000201
Q_ind_131_anc_1-1,0.000028,0.000000,0.000000,0.000290
Q_ind_132_anc_1-1,0.000019,0.000000,0.000000,0.000214
Q_ind_133_anc_1-1,0.000022,0.000000,0.000000,0.000245
Q_ind_134_anc_1-1,0.000019,0.000000,0.000000,0.000212
Q_ind_135_anc_1-1,0.000027,0.000000,0.000000,0.000276
Q_ind_136_anc_1-1,0.000068,0.000000,0.000000,0.000750
Q_ind_137_anc_1-1,0.000041,0.000000,0.000000,0.000470
Q_ind_138_anc_1-1,0.000019,0.000000,0.000000,0.000204
Q_ind_139_anc_1-1,0.000018,0.000000,0.000000,0.000208
Q_ind_140_anc_1-1,0.000019,0.000000,0.000000,0.000210
Q_ind_141_anc_1-1,0.000019,0.000000,0.000000,0.000204
Q_ind_142_anc_1-1,0.000020,0.000000,0.000000,0.000213
Q_ind_143_anc_1-1,0.000018,0.000000,0.000000,0.000203
Q_ind_144_anc_1-1,0.000034,0.000000,0.000000,0.000363
Q_ind_145_anc_1-1,0.000020,0.000000,0.000000,0.000211
Q_ind_146_anc_1-1,0.000024,0.000000,0.000000,0.000247
Q_ind_147_anc_1-1,0.000018,0.000000,0.000000,0.000200
Q_ind_148_anc_1-1,0.000022,0.000000,0.000000,0.000234
Q_ind_149_anc_1-1,0.000020,0.000000,0.000000,0.000214
Q_ind_150_anc_1-1,0.000019,0.000000,0.000000,0.000205
Q_ind_151_anc_1-1,0.000038,0.000000,0.000000,0.000435
Q_ind_152_anc_1-1,0.000020,0.000000,0.000000,0.000214
Q_ind_153_anc_1-1,0.000032,0.000000,0.000000,0.000355
Q_ind_154_anc_1-1,0.000025,0.000000,0.000000,0.000279
Q_ind_155_anc_1-1,0.000025,0.000000,0.000000,0.000287
Q_ind_156_anc_1-1,0.000029,0.000000,0.000000,0.000332
Q_ind_157_anc_1-1,0.000027,0.000000,0.000000,0.000294
Q_ind_158_anc_1-1,0.000030,0.000000,0.000000,0.000322
Q_ind_159_anc_1-1,0.000021,0.000000,0.000000,0.000232
Q_ind_160_anc_1-1,0.000029,0.000000,0.000000,0.000300
Q_ind_161_anc_1-1,0.000019,0.000000,0.000000,0.000213
Q_ind_162_anc_1-1,0.000024,0.000000,0.000000,0.000260
Q_ind_163_anc_1-1,0.000031,0.000000,0.000000,0.000336
Q_ind_164_anc_1-1,0.000043,0.000000,0.000000,0.000471
Q_ind_165_anc_1-1,0.000019,0.000000,0.000000,0.000200
Q_ind_166_anc_1-1,0.000020,0.000000,0.000000,0.000219
Q_ind_167_anc_1-1,0.000023,0.000000,0.000000,0.000255
Q_ind_168_anc_1-1,0.000232,0.000024,0.000000,0.001360
Q_ind_169_anc_1-1,0.000056,0.000000,0.000000,0.000615
Q_ind_170_anc_1-1,0.000036,0.000000,0.000000,0.000390
Q_ind_171_anc_1-1,0.000022,0.000000,0.000000,0.000228
Q_ind_172_anc_1-1,0.000024,0.000000,0.000000,0.000266
Q_ind_173_anc_1-1,0.000025,0.000000,0.000000,0.000266
Q_ind_174_anc_1-1,0.000021,0.000000,0.000000,0.000223
Q_ind_175_anc_1-1,0.000096,0.000000,0.000000,0.000884
Q_ind_176_anc_1-1,0.000062,0.000000,0.000000,0.000568
Q_ind_177_anc_1-1,0.000035,0.000000,0.000000,0.000397
Q_ind_178_anc_1-1,0.000143,0.000000,0.000000,0.001476
Q_ind_179_anc_1-1,0.000019,0.000000,0.000000,0.000208
Q_ind_180_anc_1-1,0.009798,0.009559,0.004025,0.016775
Q_ind_181_anc_1-1,0.000056,0.000000,0.000000,0.000596
Q_ind_182_anc_1-1,0.006190,0.005996,0.002126,0.011456
Q_ind_183_anc_1-1,0.002061,0.000849,0.000000,0.008791
Q_ind_184_anc_1-1,0.000022,0.000000,0.000000,0.000243
Q_ind_185_anc_1-1,0.000191,0.000000,0.000000,0.002019
Q_ind_186_anc_1-1,0.000069,0.000000,0.000000,0.000731
Q_ind_187_anc_1-1,0.002323,0.001463,0.000000,0.008493
Q_ind_188_anc_1-1,0.000361,0.000000,0.000000,0.003142
Q_ind_189_anc_1-1,0.000081,0.000000,0.000000,0.000896
Q_ind_190_anc_1-1,0.001043,0.000017,0.000000,0.006232
Q_ind_191_anc_1-1,0.000450,0.000001,0.000000,0.004065
Q_ind_192_anc_1-1,0.000148,0.000000,0.000000,0.001589
Q_ind_193_anc_1-1,0.001526,0.000704,0.000000,0.006441
Q_ind_194_anc_1-1,0.005543,0.005468,0.000000,0.013274
Q_ind_195_anc_1-1,0.006584,0.006391,0.001983,0.012373
Q_ind_196_anc_1-1,0.000491,0.000001,0.000000,0.004166
Q_ind_197_anc_1-1,0.004351,0.003868,0.000000,0.012760
Q_ind_198_anc_1-1,0.002448,0.000326,0.000000,0.010974
Q_ind_199_anc_1-1,0.006863,0.006675,0.001462,0.013029
Q_ind_200_anc_1-1,0.006127,0.005942,0.000931,0.012025
Q_ind_201_anc_1-1,0.008138,0.007889,0.002224,0.015438
Q_ind_202_anc_1-1,0.000106,0.000000,0.000000,0.001220
Q_ind_203_anc_1-1,0.013941,0.013722,0.006915,0.022043
Q_ind_204_anc_1-1,0.000049,0.000000,0.000000,0.000529
Q_ind_205_anc_1-1,0.000435,0.000000,0.000000,0.005055
Q_ind_206_anc_1-1,0.001068,0.000035,0.000000,0.005881
Q_ind_207_anc_1-1,0.007544,0.007281,0.002042,0.014257
Q_ind_208_anc_1-1,0.000368,0.000000,0.000000,0.003572
Q_ind_209_anc_1-1,0.000894,0.000003,0.000000,0.006265
Q_ind_210_anc_1-1,0.000024,0.000000,0.000000,0.000264
Q_ind_211_anc_1-1,0.002682,0.002115,0.000000,0.008864
Q_ind_212_anc_1-1,0.000130,0.000000,0.000000,0.001514
Q_ind_213_anc_1-1,0.000045,0.000000,0.000000,0.000469
Q_ind_214_anc_1-1,0.000028,0.000000,0.000000,0.000313
Q_ind_215_anc_1-1,0.000029,0.000000,0.000000,0.000316
Q_ind_216_anc_1-1,0.000099,0.000000,0.000000,0.001087
Q_ind_217_anc_1-1,0.004015,0.003738,0.000000,0.009598
Q_ind_218_anc_1-1,0.000181,0.000000,0.000000,0.001944
Q_ind_219_anc_1-1,0.000497,0.000002,0.000000,0.003645
Q_ind_220_anc_1-1,0.018893,0.018612,0.010455,0.028760
Q_ind_221_anc_1-1,0.145033,0.144768,0.127016,0.164470
Q_ind_222_anc_1-1,0.045058,0.044898,0.033981,0.057039
Q_ind_223_anc_1-1,0.135266,0.135023,0.118008,0.153883
Q_ind_224_anc_1-1,0.010920,0.010756,0.005531,0.017148
Q_ind_225_anc_1-1,0.062941,0.062741,0.050662,0.076020
Q_ind_226_anc_1-1,0.027395,0.027314,0.019320,0.036181
Q_ind_227_anc_1-1,0.018077,0.017835,0.011208,0.026012
Q_ind_228_anc_1-1,0.019433,0.019234,0.013090,0.026683
Q_ind_229_anc_1-1,0.019132,0.019018,0.012432,0.026657
Q_ind_230_anc_1-1,0.022670,0.022555,0.014644,0.031725
Q_ind_231_anc_1-1,0.014152,0.013965,0.007646,0.021926
Q_ind_232_anc_1-1,0.013674,0.013526,0.008013,0.020099
Q_ind_233_anc_1-1,0.021559,0.021414,0.013908,0.030056
Q_ind_234_anc_1-1,0.014244,0.014111,0.009093,0.020227
Q_ind_235_anc_1-1,0.020127,0.020013,0.013338,0.027699
Q_ind_236_anc_1-1,0.009816,0.009657,0.005368,0.015238
Q_ind_237_anc_1-1,0.034145,0.034027,0.025913,0.043237
Q_ind_238_anc_1-1,0.999843,0.999994,0.998736,1.000000
Q_ind_239_anc_1-1,0.033448,0.033303,0.023880,0.043762
Q_ind_240_anc_1-1,0.020821,0.020668,0.014136,0.028375
Q_ind_241_anc_1-1,0.022331,0.022239,0.014949,0.030820
Q_ind_242_anc_1-1,0.011466,0.011297,0.006117,0.017494
Q_ind_243_anc_1-1,0.025077,0.024878,0.016935,0.033985
Q_ind_244_anc_1-1,0.028692,0.028514,0.020325,0.038142
Q_ind_245_anc_1-1,0.015392,0.015174,0.008902,0.022947
Q_ind_246_anc_1-1,0.046504,0.046347,0.036420,0.057739
Q_ind_247_anc_1-1,0.011441,0.011376,0.006360,0.017566
Q_ind_248_anc_1-1,0.013486,0.013313,0.008181,0.019633
Q_ind_249_anc_1-1,0.022329,0.022177,0.014757,0.030813
Q_ind_250_anc_1-1,0.028258,0.028083,0.020105,0.037268
Q_ind_251_anc_1-1,0.017487,0.017369,0.011129,0.024608
Q_ind_252_anc_1-1,0.031265,0.031043,0.022858,0.040715
Q_ind_253_anc_1-1,0.046854,0.046809,0.036332,0.058506
Q_ind_254_anc_1-1,0.010888,0.010741,0.006068,0.016632
Q_ind_255_anc_1-1,0.015690,0.015530,0.009754,0.022488
Q_ind_256_anc_1-1,0.009600,0.009443,0.004778,0.015358
Q_ind_257_anc_1-1,0.015821,0.015702,0.010273,0.022269
Q_ind_258_anc_1-1,0.014255,0.014162,0.008558,0.020874
Q_ind_259_anc_1-1,0.006046,0.005877,0.001924,0.011060
Q_ind_260_anc_1-1,0.010211,0.010056,0.005294,0.016052
Q_ind_261_anc_1-1,0.016659,0.016521,0.010550,0.023483
Q_ind_262_anc_1-1,0.041582,0.041382,0.030776,0.053370
Q_ind_263_anc_1-1,0.013417,0.013259,0.008345,0.019523
Q_ind_264_anc_1-1,0.032062,0.031956,0.023228,0.042117
Q_ind_265_anc_1-1,0.028827,0.028715,0.020141,0.038343
Q_ind_266_anc_1-1,0.014631,0.014497,0.008864,0.021195
Q_ind_267_anc_1-1,0.013736,0.013513,0.008494,0.019950
Q_ind_268_anc_1-1,0.023697,0.023577,0.016380,0.031920
Q_ind_269_anc_1-1,0.015806,0.015694,0.009900,0.022656
Q_ind_270_anc_1-1,0.050050,0.049827,0.038435,0.062678
Q_ind_271_anc_1-1,0.016594,0.016414,0.009476,0.024551
Q_ind_272_anc_1-1,0.014091,0.013845,0.008006,0.021385
Q_ind_273_anc_1-1,0.013317,0.013168,0.007630,0.019799
Q_ind_274_anc_1-1,0.020401,0.020254,0.013699,0.027923
Q_ind_275_anc_1-1,0.019352,0.019144,0.012766,0.026901
Q_ind_276_anc_1-1,0.012930,0.012756,0.006974,0.020048
Q_ind_277_anc_1-1,0.000229,0.000000,0.000000,0.002401
Q_ind_278_anc_1-1,0.020739,0.020518,0.011187,0.031220
Q_ind_279_anc_1-1,0.015334,0.015205,0.007343,0.024310
Q_ind_280_anc_1-1,0.999941,0.999999,0.999476,1.000000
Q_ind_281_anc_1-1,0.013183,0.012932,0.006267,0.021495
Q_ind_282_anc_1-1,0.976402,0.976499,0.969946,0.982386
Q_ind_283_anc_1-1,0.999950,0.999999,0.999549,1.000000
Q_ind_284_anc_1-1,0.985516,0.985634,0.979833,0.990427
Q_ind_285_anc_1-1,0.014714,0.014577,0.006558,0.023327
Q_ind_286_anc_1-1,0.006335,0.006099,0.000000,0.015492
Q_ind_287_anc_1-1,0.021783,0.021708,0.012220,0.032208
Q_ind_288_anc_1-1,0.012637,0.012530,0.001195,0.022384
Q_ind_289_anc_1-1,0.015736,0.015541,0.008533,0.024267
Q_ind_290_anc_1-1,0.000067,0.000000,0.000000,0.000740
Q_ind_291_anc_1-1,0.016324,0.016161,0.008751,0.024881
Q_ind_292_anc_1-1,0.016124,0.015941,0.007577,0.025849
Q_ind_293_anc_1-1,0.016497,0.016338,0.008856,0.025164
Q_ind_294_anc_1-1,0.999869,0.999993,0.999064,1.000000
Q_ind_295_anc_1-1,0.015019,0.014957,0.005777,0.024457
Q_ind_296_anc_1-1,0.964251,0.964406,0.955922,0.971679
Q_ind_297_anc_1-1,0.011053,0.010759,0.005144,0.018399
Q_ind_298_anc_1-1,0.027793,0.027675,0.015170,0.040689
Q_ind_299_anc_1-1,0.000033,0.000000,0.000000,0.000337
Q_ind_300_anc_1-1,0.000037,0.000000,0.000000,0.000427
Q_ind_301_anc_1-1,0.000030,0.000000,0.000000,0.000311
Q_ind_302_anc_1-1,0.000025,0.000000,0.000000,0.000255
Q_ind_303_anc_1-1,0.000036,0.000000,0.000000,0.000383
Q_ind_304_anc_1-1,0.000032,0.000000,0.000000,0.000357
Q_ind_305_anc_1-1,0.000030,0.000000,0.000000,0.000337
Q_ind_306_anc_1-1,0.000036,0.000000,0.000000,0.000388
Q_ind_307_anc_1-1,0.000033,0.000000,0.000000,0.000337
Q_ind_308_anc_1-1,0.019812,0.019589,0.012006,0.028620
Q_ind_309_anc_1-1,0.999942,0.999999,0.999485,1.000000
Q_ind_310_anc_1-1,0.029946,0.029726,0.019250,0.041545
Q_ind_311_anc_1-1,0.063031,0.062920,0.047044,0.079843
Q_ind_312_anc_1-1,0.000028,0.000000,0.000000,0.000307
Q_ind_313_anc_1-1,0.000042,0.000000,0.000000,0.000454
Q_ind_314_anc_1-1,0.999068,0.999931,0.994529,1.000000
Q_ind_315_anc_1-1,0.012913,0.012700,0.005653,0.021265
Q_ind_316_anc_1-1,0.007453,0.007263,0.002885,0.013053
Q_ind_317_anc_1-1,0.020061,0.019840,0.013443,0.027737
Q_ind_318_anc_1-1,0.008606,0.008449,0.004351,0.013980
Q_ind_319_anc_1-1,0.011422,0.011270,0.006450,0.017347
Q_ind_320_anc_1-1,0.925581,0.925717,0.915548,0.935054
Q_ind_321_anc_1-1,0.074747,0.074691,0.061545,0.088403
Q_ind_322_anc_1-1,0.999951,0.999999,0.999572,1.000000
Q_ind_323_anc_1-1,0.999377,0.999656,0.997424,1.000000
Q_ind_324_anc_1-1,0.975844,0.975952,0.969733,0.981383
Q_ind_325_anc_1-1,0.993172,0.993271,0.989601,0.996106
Q_ind_326_anc_1-1,0.999936,0.999998,0.999435,1.000000
Q_ind_327_anc_1-1,0.999954,0.999999,0.999588,1.000000
Q_ind_328_anc_1-1,0.974390,0.974480,0.968205,0.980092
Q_ind_329_anc_1-1,0.969892,0.970012,0.963073,0.975927
Q_ind_330_anc_1-1,0.999935,0.999999,0.999418,1.000000
Q_ind_331_anc_1-1,0.999958,0.999999,0.999646,1.000000
Q_ind_332_anc_1-1,0.010841,0.010713,0.006003,0.016586
Q_ind_333_anc_1-1,0.855452,0.855562,0.842452,0.867758
Q_ind_334_anc_1-1,0.015392,0.015243,0.009726,0.021957
Q_ind_335_anc_1-1,0.014770,0.014639,0.008691,0.021561
Q_ind_336_anc_1-1,0.000032,0.000000,0.000000,0.000374
Q_ind_337_anc_1-1,0.057010,0.056870,0.045951,0.068499
Q_ind_338_anc_1-1,0.006211,0.006036,0.002442,0.011019
Q_ind_339_anc_1-1,0.989299,0.989410,0.983467,0.994173
Q_ind_340_anc_1-1,0.982763,0.982917,0.975290,0.989791
Q_ind_341_anc_1-1,0.175568,0.175594,0.154440,0.196431
Q_ind_342_anc_1-1,0.006289,0.006089,0.002086,0.011594
Q_ind_343_anc_1-1,0.000018,0.000000,0.000000,0.000198
Q_ind_344_anc_1-1,0.002829,0.002651,0.000499,0.005866
Q_ind_345_anc_1-1,0.999779,0.999986,0.998462,1.000000
Q_ind_346_anc_1-1,0.963313,0.963444,0.955862,0.970164
Q_ind_347_anc_1-1,0.999836,0.999993,0.998699,1.000000
Q_ind_348_anc_1-1,0.951940,0.952099,0.942304,0.960861
Q_ind_349_anc_1-1,0.015492,0.015321,0.009415,0.022510
Q_ind_350_anc_1-1,0.014607,0.014485,0.009049,0.021132
Q_ind_351_anc_1-1,0.999957,0.999999,0.999627,1.000000
Q_ind_352_anc_1-1,0.006597,0.006406,0.002836,0.011497
Q_ind_353_anc_1-1,0.999915,0.999997,0.999323,1.000000
Q_ind_354_anc_1-1,0.007633,0.007453,0.003451,0.012869
Q_ind_355_anc_1-1,0.063303,0.063149,0.051809,0.075341
Q_ind_356_anc_1-1,0.012070,0.011909,0.007216,0.017882
Q_ind_357_anc_1-1,0.006516,0.006317,0.002624,0.011382
Q_ind_358_anc_1-1,0.999931,0.999998,0.999408,1.000000
Q_ind_359_anc_1-1,0.999924,0.999998,0.999360,1.000000
Q_ind_360_anc_1-1,0.015056,0.014853,0.009831,0.021344
Q_ind_361_anc_1-1,0.006098,0.005932,0.002290,0.010829
Q_ind_362_anc_1-1,0.009961,0.009805,0.005639,0.015219
Q_ind_363_anc_1-1,0.007900,0.007724,0.003708,0.013269
Q_ind_364_anc_1-1,0.979331,0.979422,0.972478,0.985449
Q_ind_365_anc_1-1,0.020818,0.020731,0.013907,0.028246
Q_ind_366_anc_1-1,0.007696,0.007563,0.003322,0.013089
Q_ind_367_anc_1-1,0.014915,0.014766,0.009003,0.021727
Q_ind_368_anc_1-1,0.997196,0.997327,0.994393,0.999453
Q_ind_369_anc_1-1,0.980739,0.980860,0.974696,0.986133
Q_ind_370_anc_1-1,0.992600,0.992717,0.988347,0.996091
Q_ind_371_anc_1-1,0.938893,0.939063,0.927590,0.949677
Q_ind_372_anc_1-1,0.964227,0.964344,0.955768,0.971757
Q_ind_373_anc_1-1,0.965761,0.965862,0.958203,0.972634
Q_ind_374_anc_1-1,0.006116,0.005915,0.001819,0.011510
Q_ind_375_anc_1-1,0.984470,0.984603,0.979030,0.989183
Q_ind_376_anc_1-1,0.996538,0.996686,0.993190,0.998999
Q_ind_377_anc_1-1,0.014440,0.014311,0.008512,0.020921
Q_ind_378_anc_1-1,0.997053,0.997161,0.994266,0.999276
Q_ind_379_anc_1-1,0.017212,0.017059,0.010836,0.024429
Q_ind_380_anc_1-1,0.043322,0.043116,0.033477,0.054301
Q_ind_381_anc_1-1,0.996367,0.996513,0.993227,0.998661
Q_ind_382_anc_1-1,0.992261,0.992409,0.988051,0.995654
Q_ind_383_anc_1-1,0.973119,0.973231,0.965229,0.980519
Q_ind_384_anc_1-1,0.918149,0.918248,0.906592,0.929048
Q_ind_385_anc_1-1,0.017071,0.016939,0.010699,0.024275
Q_ind_386_anc_1-1,0.046648,0.046532,0.036940,0.057331
Q_ind_387_anc_1-1,0.007349,0.007152,0.003114,0.012628
Q_ind_388_anc_1-1,0.013619,0.013448,0.008253,0.020035
Q_ind_389_anc_1-1,0.008566,0.008417,0.004295,0.013772
Q_ind_390_anc_1-1,0.020494,0.020332,0.013244,0.028574
Q_ind_391_anc_1-1,0.012514,0.012321,0.006951,0.018908
Q_ind_392_anc_1-1,0.024900,0.024731,0.017210,0.033629
Q_ind_393_anc_1-1,0.011866,0.011703,0.006372,0.018399
Q_ind_394_anc_1-1,0.010124,0.009893,0.005394,0.016049
Q_ind_395_anc_1-1,0.030637,0.030510,0.022022,0.040214
Q_ind_396_anc_1-1,0.010529,0.010368,0.005481,0.016657
Q_ind_397_anc_1-1,0.010115,0.009934,0.004462,0.016648
Q_ind_398_anc_1-1,0.976704,0.976861,0.970574,0.982091
Q_ind_399_anc_1-1,0.020280,0.020184,0.013489,0.027625
Q_ind_400_anc_1-1,0.975588,0.975722,0.968772,0.981735
Q_ind_401_anc_1-1,0.996691,0.996819,0.993725,0.998852
Q_ind_402_anc_1-1,0.999545,0.999945,0.997497,1.000000
Q_ind_403_anc_1-1,0.999888,0.999996,0.999096,1.000000
Q_ind_404_anc_1-1,0.887307,0.887459,0.874873,0.899131
Q_ind_405_anc_1-1,0.908376,0.908443,0.897134,0.919363
Q_ind_406_anc_1-1,0.999949,0.999999,0.999537,1.000000
Q_ind_407_anc_1-1,0.890064,0.890134,0.878319,0.901273
Q_ind_408_anc_1-1,0.999927,0.999998,0.999360,1.000000
Q_ind_409_anc_1-1,0.911474,0.911675,0.900061,0.922222
Q_ind_410_anc_1-1,0.999884,0.999996,0.999068,1.000000
Q_ind_411_anc_1-1,0.999956,0.999999,0.999629,1.000000
Q_ind_412_anc_1-1,0.008293,0.008104,0.003756,0.013975
Q_ind_413_anc_1-1,0.616740,0.616565,0.599587,0.634419
Q_ind_414_anc_1-1,0.999956,0.999999,0.999621,1.000000
Q_ind_415_anc_1-1,0.999888,0.999996,0.999029,1.000000
Q_ind_416_anc_1-1,0.999914,0.999998,0.999239,1.000000
Q_ind_417_anc_1-1,0.999899,0.999997,0.999133,1.000000
Q_ind_418_anc_1-1,0.923733,0.923824,0.913004,0.933845
Q_ind_419_anc_1-1,0.021990,0.021686,0.013605,0.031622
Q_ind_420_anc_1-1,0.999745,0.999980,0.998339,1.000000
Q_ind_421_anc_1-1,0.999772,0.999984,0.998436,1.000000
Q_ind_422_anc_1-1,0.908408,0.908621,0.893184,0.922403
Q_ind_423_anc_1-1,0.999732,0.999979,0.998114,1.000000
Q_ind_424_anc_1-1,0.999498,0.999943,0.997130,1.000000
Q_ind_425_anc_1-1,0.016351,0.016149,0.010086,0.023690
Q_ind_426_anc_1-1,0.880421,0.880543,0.866995,0.893144
Q_ind_427_anc_1-1,0.032311,0.032135,0.023124,0.042162
Q_ind_428_anc_1-1,0.999945,0.999999,0.999516,1.000000
Q_ind_429_anc_1-1,0.999940,0.999999,0.999474,1.000000
Q_ind_430_anc_1-1,0.895983,0.896060,0.883982,0.907586
Q_ind_431_anc_1-1,0.999952,0.999999,0.999563,1.000000
Q_ind_432_anc_1-1,0.999933,0.999998,0.999397,1.000000
Q_ind_433_anc_1-1,0.999952,0.999999,0.999562,1.000000
Q_ind_434_anc_1-1,0.999913,0.999997,0.999246,1.000000
Q_ind_435_anc_1-1,0.999934,0.999998,0.999423,1.000000
Q_ind_436_anc_1-1,0.839820,0.839767,0.825836,0.853761
Q_ind_437_anc_1-1,0.487810,0.487811,0.468517,0.507133
Q_ind_438_anc_1-1,0.999941,0.999998,0.999467,1.000000
Q_ind_439_anc_1-1,0.999947,0.999999,0.999536,1.000000
Q_ind_440_anc_1-1,0.825458,0.825562,0.811122,0.839199
Q_ind_441_anc_1-1,0.999945,0.999999,0.999509,1.000000
Q_ind_442_anc_1-1,0.999956,0.999999,0.999586,1.000000
Q_ind_443_anc_1-1,0.032201,0.031966,0.023554,0.041797
Q_ind_444_anc_1-1,0.870507,0.870584,0.857112,0.883466
Q_ind_445_anc_1-1,0.999945,0.999999,0.999498,1.000000
Q_ind_446_anc_1-1,0.934004,0.934097,0.924433,0.943322
Q_ind_447_anc_1-1,0.021038,0.020887,0.014420,0.028616
Q_ind_448_anc_1-1,0.999952,0.999999,0.999556,1.000000
Q_ind_449_anc_1-1,0.999959,0.999999,0.999621,1.000000
Q_ind_450_anc_1-1,0.951578,0.951726,0.942934,0.959538
Q_ind_451_anc_1-1,0.999952,0.999999,0.999564,1.000000
Q_ind_452_anc_1-1,0.999944,0.999999,0.999516,1.000000
Q_ind_453_anc_1-1,0.543850,0.543755,0.524198,0.563332
Q_ind_454_anc_1-1,0.018633,0.018478,0.011434,0.026490
Q_ind_455_anc_1-1,0.999941,0.999999,0.999502,1.000000
Q_ind_456_anc_1-1,0.999957,0.999999,0.999608,1.000000
Q_ind_457_anc_1-1,0.999941,0.999999,0.999496,1.000000
Q_ind_458_anc_1-1,0.999949,0.999999,0.999560,1.000000
Q_ind_459_anc_1-1,0.999952,0.999999,0.999588,1.000000
Q_ind_460_anc_1-1,0.014276,0.014132,0.008431,0.020968
Q_ind_461_anc_1-1,0.999898,0.999997,0.999177,1.000000
Q_ind_462_anc_1-1,0.999946,0.999999,0.999527,1.000000
Q_ind_463_anc_1-1,0.999882,0.999996,0.999018,1.000000
Q_ind_464_anc_1-1,0.999931,0.999998,0.999390,1.000000
Q_ind_465_anc_1-1,0.893321,0.893430,0.882079,0.904218
Q_ind_466_anc_1-1,0.999867,0.999996,0.998839,1.000000
Q_ind_467_anc_1-1,0.999953,0.999999,0.999579,1.000000
Q_ind_468_anc_1-1,0.845245,0.845392,0.830529,0.858817
Q_ind_469_anc_1-1,0.857107,0.857232,0.844042,0.870158
Q_ind_470_anc_1-1,0.999924,0.999998,0.999358,1.000000
Q_ind_471_anc_1-1,0.016451,0.016257,0.009159,0.024884
Q_ind_472_anc_1-1,0.999947,0.999999,0.999535,1.000000
Q_ind_473_anc_1-1,0.999822,0.999989,0.998767,1.000000
Q_ind_474_anc_1-1,0.862407,0.862630,0.848219,0.875738
Q_ind_475_anc_1-1,0.011402,0.011048,0.003871,0.020112
Q_ind_476_anc_1-1,0.999950,0.999999,0.999573,1.000000
Q_ind_477_anc_1-1,0.999799,0.999989,0.998535,1.000000
Q_ind_478_anc_1-1,0.053742,0.053515,0.038665,0.069889
Q_ind_479_anc_1-1,0.999940,0.999998,0.999458,1.000000
Q_ind_480_anc_1-1,0.932467,0.932577,0.922849,0.941549
Q_ind_481_anc_1-1,0.924625,0.924792,0.913691,0.934741
Q_ind_482_anc_1-1,0.999953,0.999999,0.999585,1.000000
Q_ind_483_anc_1-1,0.057299,0.057067,0.043082,0.072479
Q_ind_484_anc_1-1,0.999935,0.999999,0.999427,1.000000
Q_ind_485_anc_1-1,0.999925,0.999998,0.999335,1.000000
Q_ind_486_anc_1-1,0.999925,0.999998,0.999341,1.000000
Q_ind_487_anc_1-1,0.995256,0.995401,0.990956,0.998760
Q_ind_488_anc_1-1,0.829481,0.829559,0.815104,0.843131
Q_ind_489_anc_1-1,0.017520,0.017217,0.010246,0.025739
Q_ind_490_anc_1-1,0.999910,0.999998,0.999212,1.000000
Q_ind_491_anc_1-1,0.871984,0.872047,0.859306,0.884495
Q_ind_492_anc_1-1,0.999931,0.999998,0.999386,1.000000
Q_ind_493_anc_1-1,0.999931,0.999998,0.999374,1.000000
Q_ind_494_anc_1-1,0.888521,0.888748,0.874772,0.901404
Q_ind_495_anc_1-1,0.021988,0.021778,0.014037,0.031110
Q_ind_496_anc_1-1,0.999858,0.999995,0.998872,1.000000
Q_ind_497_anc_1-1,0.999919,0.999998,0.999284,1.000000
Q_ind_498_anc_1-1,0.999886,0.999998,0.998882,1.000000
Q_ind_499_anc_1-1,0.413320,0.413341,0.395633,0.430803
Q_ind_500_anc_1-1,0.020957,0.020802,0.013881,0.029036
Q_ind_501_anc_1-1,0.014696,0.014516,0.008605,0.021634
Q_ind_502_anc_1-1,0.013858,0.013688,0.008122,0.020630
Q_ind_503_anc_1-1,0.999933,0.999998,0.999437,1.000000
Q_ind_504_anc_1-1,0.999955,0.999999,0.999597,1.000000
Q_ind_505_anc_1-1,0.999943,0.999999,0.999475,1.000000
Q_ind_506_anc_1-1,0.999926,0.999998,0.999325,1.000000
Q_ind_507_anc_1-1,0.999892,0.999997,0.999079,1.000000
Q_ind_508_anc_1-1,0.998951,0.999175,0.996403,1.000000
Q_ind_509_anc_1-1,0.999949,0.999999,0.999557,1.000000
Q_ind_510_anc_1-1,0.999941,0.999998,0.999475,1.000000
Q_ind_511_anc_1-1,0.999885,0.999997,0.999096,1.000000
Q_ind_512_anc_1-1,0.985330,0.985464,0.979886,0.990045
Q_ind_513_anc_1-1,0.579270,0.579237,0.559574,0.599494
Q_ind_514_anc_1-1,0.999881,0.999996,0.998979,1.000000
Q_ind_515_anc_1-1,0.995186,0.995350,0.990759,0.998581
Q_ind_516_anc_1-1,0.891787,0.891968,0.879996,0.903093
Q_ind_517_anc_1-1,0.999923,0.999998,0.999321,1.000000
Q_ind_518_anc_1-1,0.999937,0.999999,0.999436,1.000000
Q_ind_519_anc_1-1,0.999949,0.999999,0.999550,1.000000
Q_ind_520_anc_1-1,0.893094,0.893172,0.881077,0.904494
Q_ind_521_anc_1-1,0.999929,0.999998,0.999381,1.000000
Q_ind_522_anc_1-1,0.999946,0.999999,0.999533,1.000000
Q_ind_523_anc_1-1,0.957565,0.957695,0.948543,0.966070
Q_ind_524_anc_1-1,0.999948,0.999999,0.999542,1.000000
Q_ind_525_anc_1-1,0.999955,0.999999,0.999595,1.000000
Q_ind_526_anc_1-1,0.999934,0.999999,0.999420,1.000000
Q_ind_527_anc_1-1,0.999885,0.999996,0.999077,1.000000
Q_ind_528_anc_1-1,0.999869,0.999997,0.998816,1.000000
Q_ind_529_anc_1-1,0.812774,0.812758,0.798328,0.826985
Q_ind_530_anc_1-1,0.999945,0.999999,0.999481,1.000000
Q_ind_531_anc_1-1,0.999946,0.999999,0.999529,1.000000
Q_ind_532_anc_1-1,0.999949,0.999999,0.999558,1.000000
Q_ind_533_anc_1-1,0.005175,0.004962,0.001364,0.010263
Q_ind_534_anc_1-1,0.999943,0.999999,0.999466,1.000000
Q_ind_535_anc_1-1,0.028892,0.028750,0.020599,0.038275
Q_ind_536_anc_1-1,0.999952,0.999999,0.999574,1.000000
Q_ind_537_anc_1-1,0.999351,0.999485,0.997877,1.000000
Q_ind_538_anc_1-1,0.999923,0.999998,0.999344,1.000000
Q_ind_539_anc_1-1,0.023150,0.023051,0.015291,0.031564
Q_ind_540_anc_1-1,0.999944,0.999999,0.999515,1.000000
Q_ind_541_anc_1-1,0.883520,0.883765,0.869977,0.896320
Q_ind_542_anc_1-1,0.999949,0.999999,0.999536,1.000000
Q_ind_543_anc_1-1,0.708639,0.708713,0.688234,0.728533
Q_ind_544_anc_1-1,0.025501,0.025351,0.017395,0.034612
Q_ind_545_anc_1-1,0.999470,0.999985,0.995455,1.000000
Q_ind_546_anc_1-1,0.999920,0.999998,0.999306,1.000000
Q_ind_547_anc_1-1,0.896906,0.897062,0.882156,0.910850
Q_ind_548_anc_1-1,0.999896,0.999997,0.999144,1.000000
Q_ind_549_anc_1-1,0.694615,0.694502,0.675161,0.713658
Q_ind_550_anc_1-1,0.030452,0.030374,0.021665,0.039881
Q_ind_551_anc_1-1,0.998762,0.999331,0.994151,1.000000
Q_ind_552_anc_1-1,0.881627,0.881667,0.869827,0.893200
Q_ind_553_anc_1-1,0.999952,0.999999,0.999572,1.000000
Q_ind_554_anc_1-1,0.999889,0.999997,0.998980,1.000000
Q_ind_555_anc_1-1,0.999956,0.999999,0.999597,1.000000
Q_ind_556_anc_1-1,0.022676,0.022469,0.015037,0.031001
Q_ind_557_anc_1-1,0.999947,0.999999,0.999547,1.000000
Q_ind_558_anc_1-1,0.999956,0.999999,0.999611,1.000000
Q_ind_559_anc_1-1,0.999951,0.999999,0.999529,1.000000
Q_ind_560_anc_1-1,0.999837,0.999995,0.998658,1.000000
Q_ind_561_anc_1-1,0.997569,0.999380,0.989853,1.000000
Q_ind_562_anc_1-1,0.999949,0.999999,0.999546,1.000000
Q_ind_563_anc_1-1,0.999915,0.999998,0.999252,1.000000
Q_ind_564_anc_1-1,0.999953,0.999999,0.999560,1.000000
Q_ind_565_anc_1-1,0.999922,0.999998,0.999321,1.000000
Q_ind_566_anc_1-1,0.999954,0.999999,0.999574,1.000000
Q_ind_567_anc_1-1,0.999919,0.999997,0.999324,1.000000
Q_ind_568_anc_1-1,0.999954,0.999999,0.999582,1.000000
Q_ind_569_anc_1-1,0.999902,0.999997,0.999190,1.000000
Q_ind_570_anc_1-1,0.999953,0.999999,0.999590,1.000000
Q_ind_571_anc_1-1,0.950776,0.950863,0.942075,0.958951
Q_ind_572_anc_1-1,0.036348,0.036207,0.027675,0.045648
Q_ind_573_anc_1-1,0.909160,0.909262,0.897745,0.919981
Q_ind_574_anc_1-1,0.999949,0.999999,0.999547,1.000000
Q_ind_575_anc_1-1,0.878333,0.878482,0.866078,0.890304
Q_ind_576_anc_1-1,0.999868,0.999996,0.998889,1.000000
Q_ind_577_anc_1-1,0.999951,0.999999,0.999549,1.000000
Q_ind_578_anc_1-1,0.993049,0.993209,0.988766,0.996528
Q_ind_579_anc_1-1,0.009061,0.008844,0.002387,0.016937
Q_ind_580_anc_1-1,0.002576,0.000980,0.000000,0.010709
Q_ind_581_anc_1-1,0.006928,0.006921,0.000000,0.014623
Q_ind_582_anc_1-1,0.015907,0.015757,0.009410,0.023168
Q_ind_583_anc_1-1,0.014813,0.014572,0.007985,0.022642
Q_ind_584_anc_1-1,0.008651,0.008511,0.003380,0.015019
Q_ind_585_anc_1-1,0.999956,0.999999,0.999610,1.000000
Q_ind_586_anc_1-1,0.994174,0.994370,0.989180,0.997989
Q_ind_587_anc_1-1,0.999902,0.999997,0.999159,1.000000
Q_ind_588_anc_1-1,0.585459,0.585520,0.563436,0.607297
Q_ind_589_anc_1-1,0.991535,0.991808,0.985000,0.996577
Q_ind_590_anc_1-1,0.000032,0.000000,0.000000,0.000356
Q_ind_591_anc_1-1,0.997360,0.997513,0.993648,1.000000
Q_ind_592_anc_1-1,0.949429,0.949566,0.939456,0.958512
Q_ind_593_anc_1-1,0.987372,0.987514,0.982578,0.991454
Q_ind_594_anc_1-1,0.999956,0.999999,0.999586,1.000000
Q_ind_595_anc_1-1,0.999833,0.999994,0.998696,1.000000
Q_ind_596_anc_1-1,0.999707,0.999990,0.997669,1.000000
Q_ind_597_anc_1-1,0.993401,0.993536,0.989632,0.996412
Q_ind_598_anc_1-1,0.824413,0.824547,0.810002,0.838126
Q_ind_599_anc_1-1,0.999951,0.999999,0.999572,1.000000
Q_ind_600_anc_1-1,0.991164,0.991253,0.987240,0.994480
Q_ind_601_anc_1-1,0.962418,0.962581,0.953781,0.970295
Q_ind_602_anc_1-1,0.976017,0.976060,0.970030,0.981650
Q_ind_603_anc_1-1,0.999951,0.999999,0.999576,1.000000
Q_ind_604_anc_1-1,0.999955,0.999999,0.999611,1.000000
Q_ind_605_anc_1-1,0.999932,0.999998,0.999407,1.000000
Q_ind_606_anc_1-1,0.982451,0.982566,0.976559,0.987431
Q_ind_607_anc_1-1,0.999954,0.999999,0.999588,1.000000
Q_ind_608_anc_1-1,0.999955,0.999999,0.999605,1.000000
Q_ind_609_anc_1-1,0.999955,0.999999,0.999602,1.000000
Q_ind_610_anc_1-1,0.999958,0.999999,0.999610,1.000000
Q_ind_611_anc_1-1,0.999960,0.999999,0.999646,1.000000
Q_ind_612_anc_1-1,0.966489,0.966581,0.959339,0.973072
Q_ind_613_anc_1-1,0.999957,0.999999,0.999623,1.000000
Q_ind_614_anc_1-1,0.999958,0.999999,0.999625,1.000000
Q_ind_615_anc_1-1,0.999953,0.999999,0.999575,1.000000
Q_ind_616_anc_1-1,0.999946,0.999999,0.999505,1.000000
Q_ind_617_anc_1-1,0.904278,0.904367,0.893344,0.914764
Q_ind_618_anc_1-1,0.999850,0.999996,0.998675,1.000000
Q_ind_619_anc_1-1,0.999944,0.999999,0.999512,1.000000
Q_ind_620_anc_1-1,0.990925,0.991016,0.986873,0.994292
Q_ind_621_anc_1-1,0.999801,0.999994,0.998201,1.000000
Q_ind_622_anc_1-1,0.999937,0.999998,0.999449,1.000000
Q_ind_623_anc_1-1,0.999944,0.999999,0.999492,1.000000
Q_ind_624_anc_1-1,0.999952,0.999999,0.999560,1.000000
Q_ind_625_anc_1-1,0.999952,0.999999,0.999565,1.000000
Q_ind_626_anc_1-1,0.999946,0.999999,0.999515,1.000000
Q_ind_627_anc_1-1,0.999925,0.999998,0.999367,1.000000
Q_ind_628_anc_1-1,0.991272,0.991440,0.986709,0.995043
Q_ind_629_anc_1-1,0.999952,0.999999,0.999570,1.000000
Q_ind_630_anc_1-1,0.999956,0.999999,0.999609,1.000000
Q_ind_631_anc_1-1,0.999956,0.999999,0.999622,1.000000
Q_ind_632_anc_1-1,0.990915,0.990925,0.985522,0.996632
Q_ind_633_anc_1-1,0.999952,0.999999,0.999573,1.000000
Q_ind_634_anc_1-1,0.999955,0.999999,0.999577,1.000000
Q_ind_635_anc_1-1,0.979007,0.979113,0.972742,0.984666
Q_ind_636_anc_1-1,0.981503,0.981636,0.975706,0.986749
Q_ind_637_anc_1-1,0.999955,0.999999,0.999600,1.000000
Q_ind_638_anc_1-1,0.999928,0.999998,0.999373,1.000000
Q_ind_639_anc_1-1,0.989814,0.989929,0.985494,0.993423
Q_ind_640_anc_1-1,0.999942,0.999998,0.999502,1.000000
Q_ind_641_anc_1-1,0.999959,0.999999,0.999620,1.000000
Q_ind_642_anc_1-1,0.808119,0.808184,0.794011,0.822071
Q_ind_643_anc_1-1,0.999958,0.999999,0.999613,1.000000
Q_ind_644_anc_1-1,0.935679,0.935707,0.926143,0.944641
Q_ind_645_anc_1-1,0.821327,0.821362,0.807601,0.834845
Q_ind_646_anc_1-1,0.999954,0.999999,0.999579,1.000000
Q_ind_647_anc_1-1,0.883672,0.883938,0.871431,0.895270
Q_ind_648_anc_1-1,0.996814,0.997636,0.989559,1.000000
Q_ind_649_anc_1-1,0.984408,0.984503,0.979085,0.989070
Q_ind_650_anc_1-1,0.999948,0.999999,0.999529,1.000000
Q_ind_651_anc_1-1,0.995084,0.995229,0.991931,0.997495
Q_ind_652_anc_1-1,0.992066,0.992098,0.987198,0.996494
Q_ind_653_anc_1-1,0.999942,0.999999,0.999484,1.000000
Q_ind_654_anc_1-1,0.999928,0.999998,0.999394,1.000000
Q_ind_655_anc_1-1,0.905738,0.905788,0.894958,0.916253
Q_ind_656_anc_1-1,0.999926,0.999998,0.999358,1.000000
Q_ind_657_anc_1-1,0.999710,0.999959,0.998346,1.000000
Q_ind_658_anc_1-1,0.999899,0.999998,0.999104,1.000000
Q_ind_659_anc_1-1,0.999951,0.999999,0.999561,1.000000
Q_ind_660_anc_1-1,0.999950,0.999999,0.999562,1.000000
Q_ind_661_anc_1-1,0.999952,0.999999,0.999582,1.000000
Q_ind_662_anc_1-1,0.952602,0.952758,0.944179,0.960693
Q_ind_663_anc_1-1,0.999955,0.999999,0.999617,1.000000
Q_ind_664_anc_1-1,0.990736,0.990878,0.986407,0.994359
Q_ind_665_anc_1-1,0.999951,0.999999,0.999534,1.000000
Q_ind_666_anc_1-1,0.999956,0.999999,0.999617,1.000000
Q_ind_667_anc_1-1,0.999935,0.999998,0.999445,1.000000
Q_ind_668_anc_1-1,0.999877,0.999994,0.999076,1.000000
Q_ind_669_anc_1-1,0.999940,0.999998,0.999456,1.000000
Q_ind_670_anc_1-1,0.999955,0.999999,0.999593,1.000000
Q_ind_671_anc_1-1,0.999940,0.999999,0.999448,1.000000
Q_ind_672_anc_1-1,0.999945,0.999999,0.999518,1.000000
Q_ind_673_anc_1-1,0.999945,0.999999,0.999517,1.000000
Q_ind_674_anc_1-1,0.999957,0.999999,0.999617,1.000000
Q_ind_675_anc_1-1,0.999927,0.999998,0.999375,1.000000
Q_ind_676_anc_1-1,0.999955,0.999999,0.999594,1.000000
Q_ind_677_anc_1-1,0.999931,0.999998,0.999412,1.000000
Q_ind_678_anc_1-1,0.936824,0.936850,0.927376,0.945549
Q_ind_679_anc_1-1,0.999946,0.999999,0.999526,1.000000
Q_ind_680_anc_1-1,0.999950,0.999999,0.999546,1.000000
Q_ind_681_anc_1-1,0.999941,0.999999,0.999464,1.000000
Q_ind_682_anc_1-1,0.989460,0.989580,0.984969,0.993255
Q_ind_683_anc_1-1,0.935049,0.935051,0.925928,0.943774
Q_ind_684_anc_1-1,0.999954,0.999999,0.999609,1.000000
Q_ind_685_anc_1-1,0.999956,0.999999,0.999606,1.000000
Q_ind_686_anc_1-1,0.984147,0.984302,0.978442,0.988955
Q_ind_687_anc_1-1,0.931931,0.931955,0.922074,0.941225
Q_ind_688_anc_1-1,0.976948,0.977126,0.970039,0.982993
Q_ind_689_anc_1-1,0.999959,0.999999,0.999650,1.000000
Q_ind_690_anc_1-1,0.999954,0.999999,0.999590,1.000000
Q_ind_691_anc_1-1,0.999947,0.999999,0.999524,1.000000
Q_ind_692_anc_1-1,0.999944,0.999999,0.999533,1.000000
Q_ind_693_anc_1-1,0.999953,0.999999,0.999599,1.000000
Q_ind_694_anc_1-1,0.984197,0.984366,0.977345,0.990110
Q_ind_695_anc_1-1,0.999956,0.999999,0.999596,1.000000
Q_ind_696_anc_1-1,0.998930,0.999093,0.996740,1.000000
Q_ind_697_anc_1-1,0.999941,0.999999,0.999479,1.000000
Q_ind_698_anc_1-1,0.999956,0.999999,0.999604,1.000000
Q_ind_699_anc_1-1,0.999921,0.999998,0.999315,1.000000
Q_ind_700_anc_1-1,0.999936,0.999998,0.999448,1.000000
Q_ind_701_anc_1-1,0.966895,0.966944,0.959585,0.973733
Q_ind_702_anc_1-1,0.999945,0.999998,0.999532,1.000000
Q_ind_703_anc_1-1,0.800211,0.800265,0.785859,0.813876
Q_ind_704_anc_1-1,0.949224,0.949329,0.940375,0.957650
Q_ind_705_anc_1-1,0.999939,0.999998,0.999484,1.000000
Q_ind_706_anc_1-1,0.999947,0.999998,0.999526,1.000000
Q_ind_707_anc_1-1,0.988118,0.988188,0.980529,0.995518
Q_ind_708_anc_1-1,0.931301,0.931399,0.920918,0.940618
Q_ind_709_anc_1-1,0.950324,0.950505,0.941176,0.958783
Q_ind_710_anc_1-1,0.014542,0.014357,0.006182,0.024225
Q_ind_711_anc_1-1,0.057353,0.056957,0.041230,0.074906
Q_ind_712_anc_1-1,0.027407,0.027281,0.016850,0.038838
Q_ind_713_anc_1-1,0.015172,0.014900,0.006538,0.025036
Q_ind_714_anc_1-1,0.028714,0.028444,0.017540,0.041115
Q_ind_715_anc_1-1,0.023313,0.023168,0.013893,0.033746
Q_ind_716_anc_1-1,0.022174,0.022066,0.012169,0.033054
Q_ind_717_anc_1-1,0.019101,0.018858,0.010452,0.029571
Q_ind_718_anc_1-1,0.001691,0.000042,0.000000,0.009283
Q_ind_719_anc_1-1,0.011673,0.011846,0.000000,0.028374
Q_ind_720_anc_1-1,0.006347,0.006030,0.000000,0.017888
Q_ind_721_anc_1-1,0.027588,0.027333,0.017798,0.038972
Q_ind_722_anc_1-1,0.001246,0.000003,0.000000,0.008893
Q_ind_723_anc_1-1,0.026464,0.026181,0.015692,0.038507
Q_ind_724_anc_1-1,0.030046,0.030006,0.017445,0.043716
Q_ind_725_anc_1-1,0.013188,0.012935,0.004985,0.022648
Q_ind_726_anc_1-1,0.020117,0.019855,0.010636,0.030506
Q_ind_727_anc_1-1,0.037556,0.037404,0.026089,0.050351
Q_ind_728_anc_1-1,0.007474,0.007825,0.000000,0.017780
Q_ind_729_anc_1-1,0.004470,0.004305,0.000000,0.011956
Q_ind_730_anc_1-1,0.019725,0.019507,0.010007,0.030719
Q_ind_731_anc_1-1,0.028499,0.028301,0.018044,0.039300
Q_ind_732_anc_1-1,0.014837,0.014646,0.008076,0.022777
Q_ind_733_anc_1-1,0.014051,0.013954,0.005977,0.023162
Q_ind_734_anc_1-1,0.027737,0.027583,0.017835,0.039046
Q_ind_735_anc_1-1,0.012330,0.012029,0.005328,0.021212
Q_ind_736_anc_1-1,0.012236,0.011971,0.005079,0.020910
Q_ind_737_anc_1-1,0.036315,0.036165,0.025375,0.047548
Q_ind_738_anc_1-1,0.010875,0.010632,0.003429,0.019500
Q_ind_739_anc_1-1,0.013205,0.013005,0.005704,0.021879
Q_ind_740_anc_1-1,0.003884,0.003292,0.000000,0.012512
Q_ind_741_anc_1-1,0.018059,0.017856,0.009214,0.027961
Q_ind_742_anc_1-1,0.012613,0.012555,0.004001,0.021711
Q_ind_743_anc_1-1,0.009860,0.009704,0.002063,0.018561
Q_ind_744_anc_1-1,0.008972,0.008701,0.002458,0.016764
Q_ind_745_anc_1-1,0.003709,0.002113,0.000000,0.014257
Q_ind_746_anc_1-1,0.012243,0.012009,0.004334,0.021022
Q_ind_747_anc_1-1,0.019279,0.019027,0.009508,0.029931
Q_ind_748_anc_1-1,0.028963,0.028865,0.019147,0.039430
Q_ind_749_anc_1-1,0.020222,0.020044,0.011160,0.030350
Q_ind_750_anc_1-1,0.012407,0.012183,0.005604,0.020896
Q_ind_751_anc_1-1,0.013513,0.013334,0.006317,0.021963
Q_ind_752_anc_1-1,0.231631,0.231496,0.215087,0.248152
Q_ind_753_anc_1-1,0.003486,0.003283,0.000000,0.009309
Q_ind_754_anc_1-1,0.014484,0.014280,0.006857,0.023180
Q_ind_755_anc_1-1,0.001126,0.000004,0.000000,0.008042
Q_ind_756_anc_1-1,0.006735,0.006634,0.000000,0.014741
Q_ind_757_anc_1-1,0.054564,0.054346,0.039232,0.071155
Q_ind_758_anc_1-1,0.015149,0.014957,0.006503,0.024944
Q_ind_759_anc_1-1,0.010059,0.009884,0.005362,0.015670
Q_ind_760_anc_1-1,0.025601,0.025332,0.016506,0.036140
Q_ind_761_anc_1-1,0.013664,0.013493,0.007264,0.021056
Q_ind_762_anc_1-1,0.041536,0.041423,0.029294,0.054401
Q_ind_763_anc_1-1,0.059761,0.059581,0.044890,0.076189
Q_ind_764_anc_1-1,0.009234,0.008997,0.004185,0.015584
Q_ind_765_anc_1-1,0.993451,0.993623,0.988784,0.997144
Q_ind_766_anc_1-1,0.997551,0.997686,0.994600,0.999771
Q_ind_767_anc_1-1,0.047161,0.046977,0.036695,0.058753
Q_ind_768_anc_1-1,0.047203,0.047089,0.036902,0.058265
Q_ind_769_anc_1-1,0.036694,0.036561,0.027549,0.046639
Q_ind_770_anc_1-1,0.155943,0.155668,0.136900,0.176019
Q_ind_771_anc_1-1,0.162939,0.162949,0.143370,0.182936
Q_ind_772_anc_1-1,0.204131,0.204193,0.179623,0.229063
Q_ind_773_anc_1-1,0.144449,0.144640,0.125531,0.162690
Q_ind_774_anc_1-1,0.058749,0.058614,0.047058,0.071556
Q_ind_775_anc_1-1,0.999460,0.999811,0.997425,1.000000
Q_ind_776_anc_1-1,0.999920,0.999998,0.999293,1.000000
Q_ind_777_anc_1-1,0.996700,0.996644,0.992181,1.000000
Q_ind_778_anc_1-1,0.034219,0.034132,0.025581,0.043459
Q_ind_779_anc_1-1,0.999348,0.999590,0.997424,1.000000
Q_ind_780_anc_1-1,0.999947,0.999999,0.999517,1.000000
Q_ind_781_anc_1-1,0.013239,0.013061,0.007373,0.019944
Q_ind_782_anc_1-1,0.994924,0.995084,0.991415,0.997604
Q_ind_783_anc_1-1,0.995187,0.995338,0.991679,0.997955
Q_ind_784_anc_1-1,0.966948,0.967142,0.958158,0.974858
Q_ind_785_anc_1-1,0.986743,0.986903,0.981488,0.991108
Q_ind_786_anc_1-1,0.984021,0.984172,0.978234,0.989039
Q_ind_787_anc_1-1,0.999940,0.999999,0.999441,1.000000
Q_ind_788_anc_1-1,0.999947,0.999999,0.999512,1.000000
Q_ind_789_anc_1-1,0.999951,0.999999,0.999559,1.000000
Q_ind_790_anc_1-1,0.999953,0.999999,0.999578,1.000000
Q_ind_791_anc_1-1,0.940599,0.940778,0.930710,0.949772
Q_ind_792_anc_1-1,0.025327,0.025199,0.017483,0.033885
Q_ind_793_anc_1-1,0.997021,0.997153,0.993763,0.999628
Q_ind_794_anc_1-1,0.982207,0.982299,0.976009,0.987769
Q_ind_795_anc_1-1,0.999954,0.999999,0.999599,1.000000
Q_ind_796_anc_1-1,0.999156,0.999330,0.997190,1.000000
Q_ind_797_anc_1-1,0.990530,0.990613,0.986211,0.994196
Q_ind_798_anc_1-1,0.975128,0.975239,0.967795,0.981663
Q_ind_799_anc_1-1,0.997828,0.997950,0.995424,0.999730
Q_ind_800_anc_1-1,0.999936,0.999998,0.999444,1.000000
Q_ind_801_anc_1-1,0.989124,0.989250,0.984411,0.993113
Q_ind_802_anc_1-1,0.999946,0.999999,0.999532,1.000000
Q_ind_803_anc_1-1,0.991419,0.991559,0.986786,0.995241
Q_ind_804_anc_1-1,0.979439,0.979563,0.972244,0.985844
Q_ind_805_anc_1-1,0.990978,0.991116,0.986623,0.994531
Q_ind_806_anc_1-1,0.991436,0.991604,0.986354,0.995733
Q_ind_807_anc_1-1,0.999877,0.999993,0.999101,1.000000
Q_ind_808_anc_1-1,0.999937,0.999999,0.999433,1.000000
Q_ind_809_anc_1-1,0.999906,0.999997,0.999208,1.000000
Q_ind_810_anc_1-1,0.999930,0.999998,0.999422,1.000000
Q_ind_811_anc_1-1,0.999957,0.999999,0.999644,1.000000
Q_ind_812_anc_1-1,0.999949,0.999999,0.999536,1.000000
Q_ind_813_anc_1-1,0.999957,0.999999,0.999600,1.000000
Q_ind_814_anc_1-1,0.005082,0.004925,0.001565,0.009467
Q_ind_815_anc_1-1,0.005420,0.005216,0.001920,0.009885
Q_ind_816_anc_1-1,0.004404,0.004253,0.000722,0.009022
Q_ind_817_anc_1-1,0.014209,0.014121,0.009033,0.020146
Q_ind_818_anc_1-1,0.999934,0.999998,0.999416,1.000000
Q_ind_819_anc_1-1,0.021630,0.021493,0.015685,0.028479
Q_ind_820_anc_1-1,0.008716,0.008525,0.004356,0.014048
Q_ind_821_anc_1-1,0.557316,0.557304,0.539853,0.574340
Q_ind_822_anc_1-1,0.920569,0.920734,0.910284,0.930127
Q_ind_823_anc_1-1,0.999586,0.999992,0.996199,1.000000
Q_ind_824_anc_1-1,0.999725,0.999993,0.997465,1.000000
Q_ind_825_anc_1-1,0.999813,0.999995,0.998296,1.000000
Q_ind_826_anc_1-1,0.999943,0.999999,0.999502,1.000000
Q_ind_827_anc_1-1,0.863744,0.863782,0.851158,0.875792
Q_ind_828_anc_1-1,0.985982,0.986105,0.981285,0.990117
Q_ind_829_anc_1-1,0.999927,0.999998,0.999405,1.000000
Q_ind_830_anc_1-1,0.009496,0.009321,0.004545,0.015614
Q_ind_831_anc_1-1,0.015672,0.015496,0.010149,0.022153
Q_ind_832_anc_1-1,0.933363,0.933474,0.923785,0.942764
Q_ind_833_anc_1-1,0.016901,0.016788,0.011184,0.023421
Q_ind_834_anc_1-1,0.009918,0.009782,0.005306,0.015426
Q_ind_835_anc_1-1,0.999473,0.999911,0.997161,1.000000
Q_ind_836_anc_1-1,0.999958,0.999999,0.999619,1.000000
Q_ind_837_anc_1-1,0.999955,0.999999,0.999585,1.000000
Q_ind_838_anc_1-1,0.008071,0.007883,0.003699,0.013412
Q_ind_839_anc_1-1,0.006857,0.006704,0.003235,0.011348
Q_ind_840_anc_1-1,0.999948,0.999999,0.999529,1.000000
Q_ind_841_anc_1-1,0.999943,0.999999,0.999510,1.000000
Q_ind_842_anc_1-1,0.992110,0.992108,0.987275,0.996724
Q_ind_843_anc_1-1,0.011175,0.010988,0.006472,0.016852
Q_ind_844_anc_1-1,0.003963,0.003780,0.000930,0.008051
Q_ind_845_anc_1-1,0.003183,0.002965,0.000000,0.007323
Q_ind_846_anc_1-1,0.006565,0.006366,0.002937,0.011176
Q_ind_847_anc_1-1,0.017422,0.017296,0.010094,0.025560
Q_ind_848_anc_1-1,0.009520,0.009406,0.004022,0.015834
Q_ind_849_anc_1-1,0.004673,0.004519,0.000021,0.009866
Q_ind_850_anc_1-1,0.999951,0.999999,0.999563,1.000000
Q_ind_851_anc_1-1,0.999877,0.999998,0.998863,1.000000
Q_ind_852_anc_1-1,0.999943,0.999999,0.999496,1.000000
Q_ind_853_anc_1-1,0.999958,0.999999,0.999637,1.000000
Q_ind_854_anc_1-1,0.999952,0.999999,0.999560,1.000000
Q_ind_855_anc_1-1,0.999928,0.999998,0.999396,1.000000
Q_ind_856_anc_1-1,0.999937,0.999999,0.999416,1.000000
Q_ind_857_anc_1-1,0.999957,0.999999,0.999624,1.000000
Q_ind_858_anc_1-1,0.999955,0.999999,0.999604,1.000000
Q_ind_859_anc_1-1,0.999959,0.999999,0.999644,1.000000
Q_ind_860_anc_1-1,0.998121,0.998598,0.993617,1.000000
Q_ind_861_anc_1-1,0.999957,0.999999,0.999613,1.000000
Q_ind_862_anc_1-1,0.990879,0.990992,0.986591,0.994382
Q_ind_863_anc_1-1,0.999850,0.999995,0.998843,1.000000
Q_ind_864_anc_1-1,0.999956,0.999999,0.999612,1.000000
Q_ind_865_anc_1-1,0.999945,0.999999,0.999488,1.000000
Q_ind_866_anc_1-1,0.999817,0.999990,0.998715,1.000000
Q_ind_867_anc_1-1,0.009893,0.009677,0.004893,0.015963
Q_ind_868_anc_1-1,0.999919,0.999997,0.999313,1.000000
Q_ind_869_anc_1-1,0.999948,0.999999,0.999544,1.000000
Q_ind_870_anc_1-1,0.999936,0.999998,0.999436,1.000000
Q_ind_871_anc_1-1,0.007128,0.006941,0.002558,0.012723
Q_ind_872_anc_1-1,0.999958,0.999999,0.999606,1.000000
Q_ind_873_anc_1-1,0.999921,0.999998,0.999301,1.000000
Q_ind_874_anc_1-1,0.999953,0.999999,0.999567,1.000000
Q_ind_875_anc_1-1,0.999957,0.999999,0.999611,1.000000
Q_ind_876_anc_1-1,0.999952,0.999999,0.999579,1.000000
Q_ind_877_anc_1-1,0.006502,0.006340,0.001570,0.012266
Q_ind_878_anc_1-1,0.999957,0.999999,0.999610,1.000000
Q_ind_879_anc_1-1,0.999868,0.999997,0.998776,1.000000
Q_ind_880_anc_1-1,0.999634,0.999991,0.996791,1.000000
Q_ind_881_anc_1-1,0.985285,0.985389,0.980003,0.989886
Q_ind_882_anc_1-1,0.000783,0.000016,0.000000,0.004642
Q_ind_883_anc_1-1,0.994189,0.994298,0.990736,0.996985
Q_ind_884_anc_1-1,0.006664,0.006479,0.002758,0.011519
Q_ind_885_anc_1-1,0.964288,0.964364,0.956543,0.971385
Q_ind_886_anc_1-1,0.999948,0.999999,0.999530,1.000000
Q_ind_887_anc_1-1,0.996239,0.996342,0.993042,0.998856
Q_ind_888_anc_1-1,0.994376,0.994538,0.990394,0.997536
Q_ind_889_anc_1-1,0.986290,0.986415,0.981009,0.990909
Q_ind_890_anc_1-1,0.999940,0.999999,0.999465,1.000000
Q_ind_891_anc_1-1,0.999052,0.999754,0.995132,1.000000
Q_ind_892_anc_1-1,0.999954,0.999999,0.999589,1.000000
Q_ind_893_anc_1-1,0.988887,0.989045,0.982943,0.993881
Q_ind_894_anc_1-1,0.992466,0.992561,0.988849,0.995523
Q_ind_895_anc_1-1,0.999909,0.999998,0.999184,1.000000
Q_ind_896_anc_1-1,0.968151,0.968281,0.960064,0.975478
Q_ind_897_anc_1-1,0.999587,0.999752,0.998313,1.000000
Q_ind_898_anc_1-1,0.980300,0.980408,0.974446,0.985542
Q_ind_899_anc_1-1,0.999746,0.999959,0.998594,1.000000
Q_ind_900_anc_1-1,0.999944,0.999999,0.999526,1.000000
Q_ind_901_anc_1-1,0.987478,0.987588,0.982537,0.991691
Q_ind_902_anc_1-1,0.999955,0.999999,0.999593,1.000000
Q_ind_903_anc_1-1,0.962914,0.963063,0.955367,0.969883
Q_ind_904_anc_1-1,0.999837,0.999993,0.998713,1.000000
Q_ind_905_anc_1-1,0.978366,0.978433,0.972338,0.983814
Q_ind_906_anc_1-1,0.999932,0.999998,0.999435,1.000000
Q_ind_907_anc_1-1,0.958402,0.958470,0.950469,0.965944
Q_ind_908_anc_1-1,0.999445,0.999962,0.995634,1.000000
Q_ind_909_anc_1-1,0.999931,0.999998,0.999401,1.000000
Q_ind_910_anc_1-1,0.999954,0.999999,0.999582,1.000000
Q_ind_911_anc_1-1,0.010011,0.009776,0.005180,0.015685
Q_ind_912_anc_1-1,0.999935,0.999998,0.999435,1.000000
Q_ind_913_anc_1-1,0.999948,0.999999,0.999542,1.000000
Q_ind_914_anc_1-1,0.999914,0.999997,0.999244,1.000000
Q_ind_915_anc_1-1,0.999893,0.999997,0.999126,1.000000
Q_ind_916_anc_1-1,0.999959,0.999999,0.999638,1.000000
Q_ind_917_anc_1-1,0.999955,0.999999,0.999597,1.000000
Q_ind_918_anc_1-1,0.999959,0.999999,0.999634,1.000000
Q_ind_919_anc_1-1,0.999948,0.999999,0.999522,1.000000
Q_ind_920_anc_1-1,0.995064,0.995175,0.992005,0.997505
Q_ind_921_anc_1-1,0.032948,0.032820,0.024484,0.042247
Q_ind_922_anc_1-1,0.021282,0.021103,0.014156,0.029301
Q_ind_923_anc_1-1,0.000022,0.000000,0.000000,0.000250
Q_ind_924_anc_1-1,0.032544,0.032355,0.023365,0.042800
Q_ind_925_anc_1-1,0.040645,0.040494,0.030756,0.051472
Q_ind_926_anc_1-1,0.011026,0.010908,0.006332,0.016425
Q_ind_927_anc_1-1,0.007211,0.007055,0.003527,0.012013
Q_ind_928_anc_1-1,0.016727,0.016524,0.010254,0.023890
Q_ind_929_anc_1-1,0.210189,0.210119,0.194345,0.226028
Q_ind_930_anc_1-1,0.010180,0.010022,0.005649,0.015647
Q_ind_931_anc_1-1,0.074408,0.074045,0.057704,0.092816
Q_ind_932_anc_1-1,0.037877,0.037657,0.027065,0.049876
Q_ind_933_anc_1-1,0.020825,0.020678,0.014139,0.028517
Q_ind_934_anc_1-1,0.035174,0.035045,0.026132,0.045099
Q_ind_935_anc_1-1,0.061235,0.061022,0.048331,0.075186
Q_ind_936_anc_1-1,0.023726,0.023556,0.015705,0.032596
Q_ind_937_anc_1-1,0.031145,0.031011,0.022234,0.040691
Q_ind_938_anc_1-1,0.032055,0.031878,0.023593,0.041448
Q_ind_939_anc_1-1,0.018774,0.018609,0.012020,0.026354
Q_ind_940_anc_1-1,0.041218,0.041083,0.031387,0.051694
Q_ind_941_anc_1-1,0.012280,0.012147,0.007316,0.018188
Q_ind_942_anc_1-1,0.016310,0.016132,0.009700,0.023977
Q_ind_943_anc_1-1,0.013017,0.012828,0.007564,0.019551
Q_ind_944_anc_1-1,0.013549,0.013356,0.008145,0.019799
Q_ind_945_anc_1-1,0.999669,0.999983,0.997619,1.000000
Q_ind_946_anc_1-1,0.996133,0.996282,0.992822,0.998667
Q_ind_947_anc_1-1,0.014977,0.014811,0.008523,0.022396
Q_ind_948_anc_1-1,0.999906,0.999998,0.999162,1.000000
Q_ind_949_anc_1-1,0.999945,0.999999,0.999510,1.000000
Q_ind_950_anc_1-1,0.019907,0.019723,0.013186,0.027510
Q_ind_951_anc_1-1,0.980580,0.980745,0.973226,0.987131
Q_ind_952_anc_1-1,0.975968,0.976111,0.968802,0.982441
Q_ind_953_anc_1-1,0.949740,0.949802,0.941089,0.957745
Q_ind_954_anc_1-1,0.042214,0.042023,0.031830,0.053505
Q_ind_955_anc_1-1,0.031149,0.030980,0.021917,0.041585
Q_ind_956_anc_1-1,0.036529,0.036373,0.027157,0.046592
Q_ind_957_anc_1-1,0.999787,0.999992,0.998239,1.000000
Q_ind_958_anc_1-1,0.999044,0.999243,0.996740,1.000000
Q_ind_959_anc_1-1,0.999937,0.999998,0.999434,1.000000
Q_ind_960_anc_1-1,0.999949,0.999999,0.999540,1.000000
Q_ind_961_anc_1-1,0.999941,0.999998,0.999487,1.000000
Q_ind_962_anc_1-1,0.999914,0.999998,0.999204,1.000000
Q_ind_963_anc_1-1,0.999835,0.999993,0.998682,1.000000
Q_ind_964_anc_1-1,0.000030,0.000000,0.000000,0.000346
Q_ind_965_anc_1-1,0.998567,0.998933,0.995064,1.000000
Q_ind_966_anc_1-1,0.031466,0.031282,0.022271,0.041641
Q_ind_967_anc_1-1,0.999572,0.999966,0.997333,1.000000
Q_ind_968_anc_1-1,0.020455,0.020307,0.013424,0.028083
Q_ind_969_anc_1-1,0.999878,0.999997,0.998863,1.000000
Q_ind_970_anc_1-1,0.990384,0.990518,0.986027,0.994043
Q_ind_971_anc_1-1,0.999950,0.999999,0.999564,1.000000
Q_ind_972_anc_1-1,0.999927,0.999998,0.999335,1.000000
Q_ind_973_anc_1-1,0.999541,0.999902,0.997591,1.000000
Q_ind_974_anc_1-1,0.999725,0.999986,0.998004,1.000000
Q_ind_975_anc_1-1,0.939151,0.939326,0.929582,0.947961
Q_ind_976_anc_1-1,0.999899,0.999997,0.999156,1.000000
Q_ind_977_anc_1-1,0.999919,0.999998,0.999299,1.000000
Q_ind_978_anc_1-1,0.999804,0.999995,0.998233,1.000000
Q_ind_979_anc_1-1,0.999912,0.999998,0.999250,1.000000
Q_ind_980_anc_1-1,0.999632,0.999965,0.997889,1.000000
Q_ind_981_anc_1-1,0.039795,0.039633,0.029757,0.050505
Q_ind_982_anc_1-1,0.999777,0.999994,0.998140,1.000000
Q_ind_983_anc_1-1,0.999932,0.999998,0.999423,1.000000
Q_ind_984_anc_1-1,0.020424,0.020287,0.013944,0.027629
Q_ind_985_anc_1-1,0.999946,0.999999,0.999516,1.000000
Q_ind_986_anc_1-1,0.999931,0.999998,0.999368,1.000000
Q_ind_987_anc_1-1,0.999876,0.999995,0.999067,1.000000
Q_ind_988_anc_1-1,0.984276,0.984415,0.979108,0.988902
Q_ind_989_anc_1-1,0.998555,0.998710,0.995903,1.000000
Q_ind_990_anc_1-1,0.999834,0.999994,0.998676,1.000000
Q_ind_991_anc_1-1,0.999864,0.999997,0.998736,1.000000
Q_ind_992_anc_1-1,0.976574,0.976723,0.969857,0.982660
Q_ind_993_anc_1-1,0.999845,0.999994,0.998759,1.000000
Q_ind_994_anc_1-1,0.999922,0.999998,0.999347,1.000000
Q_ind_995_anc_1-1,0.998518,0.998841,0.995038,1.000000
Q_ind_996_anc_1-1,0.011792,0.011645,0.006727,0.017476
Q_ind_997_anc_1-1,0.999460,0.999659,0.997834,1.000000
Q_ind_998_anc_1-1,0.999909,0.999997,0.999190,1.000000
Q_ind_999_anc_1-1,0.999915,0.999997,0.999302,1.000000
Q_ind_1000_anc_1-1,0.994805,0.994940,0.989273,0.999754
Q_ind_1001_anc_1-1,0.999608,0.999914,0.997952,1.000000
Q_ind_1002_anc_1-1,0.999901,0.999998,0.999060,1.000000
Q_ind_1003_anc_1-1,0.999864,0.999995,0.998947,1.000000
Q_ind_1004_anc_1-1,0.997292,0.997434,0.994566,0.999200
Q_ind_1005_anc_1-1,0.999938,0.999999,0.999457,1.000000
Q_ind_1006_anc_1-1,0.999910,0.999998,0.999160,1.000000
Q_ind_1007_anc_1-1,0.993828,0.994116,0.987776,0.998342
Q_ind_1008_anc_1-1,0.987722,0.987834,0.982730,0.991727
Q_ind_1009_anc_1-1,0.999803,0.999992,0.998498,1.000000
Q_ind_1010_anc_1-1,0.999930,0.999999,0.999365,1.000000
Q_ind_1011_anc_1-1,0.999826,0.999996,0.998440,1.000000
Q_ind_1012_anc_1-1,0.999807,0.999987,0.998620,1.000000
Q_ind_1013_anc_1-1,0.999801,0.999991,0.998495,1.000000
Q_ind_1014_anc_1-1,0.999919,0.999998,0.999292,1.000000
Q_ind_1015_anc_1-1,0.996900,0.997109,0.991777,1.000000
Q_ind_1016_anc_1-1,0.997225,0.997343,0.993767,0.999993
Q_ind_1017_anc_1-1,0.998875,0.999216,0.995802,1.000000
Q_ind_1018_anc_1-1,0.999796,0.999988,0.998567,1.000000
Q_ind_1019_anc_1-1,0.999789,0.999993,0.998298,1.000000
Q_ind_1020_anc_1-1,0.999714,0.999972,0.998235,1.000000
Q_ind_1021_anc_1-1,0.999639,0.999954,0.997923,1.000000
Q_ind_1022_anc_1-1,0.999894,0.999997,0.999096,1.000000
Q_ind_1023_anc_1-1,0.999936,0.999998,0.999453,1.000000
Q_ind_1024_anc_1-1,0.999955,0.999999,0.999619,1.000000
Q_ind_1025_anc_1-1,0.999673,0.999956,0.998044,1.000000
Q_ind_1026_anc_1-1,0.988229,0.988459,0.981156,0.993818
Q_ind_1027_anc_1-1,0.996638,0.996924,0.990628,1.000000
Q_ind_1028_anc_1-1,0.999706,0.999981,0.997948,1.000000
Q_ind_1029_anc_1-1,0.999855,0.999995,0.998843,1.000000
Q_ind_1030_anc_1-1,0.999800,0.999992,0.998392,1.000000
Q_ind_1031_anc_1-1,0.999930,0.999998,0.999370,1.000000
Q_ind_1032_anc_1-1,0.999627,0.999981,0.997396,1.000000
Q_ind_1033_anc_1-1,0.999885,0.999997,0.998946,1.000000
Q_ind_1034_anc_1-1,0.999880,0.999997,0.998854,1.000000
Q_ind_1035_anc_1-1,0.999893,0.999997,0.999102,1.000000
Q_ind_1036_anc_1-1,0.996959,0.997102,0.993799,0.999261
Q_ind_1037_anc_1-1,0.999950,0.999999,0.999572,1.000000
Q_ind_1038_anc_1-1,0.999903,0.999997,0.999144,1.000000
Q_ind_1039_anc_1-1,0.996987,0.997145,0.993413,0.999669
Q_ind_1040_anc_1-1,0.269746,0.269373,0.249219,0.291367
Q_ind_1041_anc_1-1,0.999891,0.999997,0.999081,1.000000
Q_ind_1042_anc_1-1,0.992110,0.992294,0.986578,0.996559
Q_ind_1_anc_2-1,0.000022,0.000000,0.000000,0.000229
Q_ind_2_anc_2-1,0.000021,0.000000,0.000000,0.000229
Q_ind_3_anc_2-1,0.000039,0.000000,0.000000,0.000429
Q_ind_4_anc_2-1,0.005734,0.005632,0.003056,0.009014
Q_ind_5_anc_2-1,0.000033,0.000000,0.000000,0.000353
Q_ind_6_anc_2-1,0.000025,0.000000,0.000000,0.000260
Q_ind_7_anc_2-1,0.000029,0.000000,0.000000,0.000317
Q_ind_8_anc_2-1,0.003655,0.003525,0.001246,0.006796
Q_ind_9_anc_2-1,0.000027,0.000000,0.000000,0.000291
Q_ind_10_anc_2-1,0.000038,0.000000,0.000000,0.000411
Q_ind_11_anc_2-1,0.000275,0.000002,0.000000,0.001862
Q_ind_12_anc_2-1,0.000024,0.000000,0.000000,0.000244
Q_ind_13_anc_2-1,0.000026,0.000000,0.000000,0.000296
Q_ind_14_anc_2-1,0.000023,0.000000,0.000000,0.000247
Q_ind_15_anc_2-1,0.000021,0.000000,0.000000,0.000234
Q_ind_16_anc_2-1,0.000030,0.000000,0.000000,0.000328
Q_ind_17_anc_2-1,0.000021,0.000000,0.000000,0.000226
Q_ind_18_anc_2-1,0.000051,0.000000,0.000000,0.000543
Q_ind_19_anc_2-1,0.000038,0.000000,0.000000,0.000397
Q_ind_20_anc_2-1,0.000748,0.000484,0.000000,0.002758
Q_ind_21_anc_2-1,0.000040,0.000000,0.000000,0.000432
Q_ind_22_anc_2-1,0.000798,0.000396,0.000000,0.003320
Q_ind_23_anc_2-1,0.000021,0.000000,0.000000,0.000240
Q_ind_24_anc_2-1,0.000042,0.000000,0.000000,0.000467
Q_ind_25_anc_2-1,0.000024,0.000000,0.000000,0.000244
Q_ind_26_anc_2-1,0.000026,0.000000,0.000000,0.000257
Q_ind_27_anc_2-1,0.000033,0.000000,0.000000,0.000367
Q_ind_28_anc_2-1,0.002847,0.002738,0.000000,0.007207
Q_ind_29_anc_2-1,0.000031,0.000000,0.000000,0.000334
Q_ind_30_anc_2-1,0.000064,0.000000,0.000000,0.000682
Q_ind_31_anc_2-1,0.000026,0.000000,0.000000,0.000285
Q_ind_32_anc_2-1,0.000022,0.000000,0.000000,0.000242
Q_ind_33_anc_2-1,0.001535,0.001434,0.000000,0.003796
Q_ind_34_anc_2-1,0.000030,0.000000,0.000000,0.000342
Q_ind_35_anc_2-1,0.000025,0.000000,0.000000,0.000283
Q_ind_36_anc_2-1,0.000086,0.000000,0.000000,0.000865
Q_ind_37_anc_2-1,0.000096,0.000000,0.000000,0.000880
Q_ind_38_anc_2-1,0.000021,0.000000,0.000000,0.000237
Q_ind_39_anc_2-1,0.000080,0.000000,0.000000,0.000881
Q_ind_40_anc_2-1,0.000023,0.000000,0.000000,0.000267
Q_ind_41_anc_2-1,0.000023,0.000000,0.000000,0.000245
Q_ind_42_anc_2-1,0.000025,0.000000,0.000000,0.000264
Q_ind_43_anc_2-1,0.000020,0.000000,0.000000,0.000231
Q_ind_44_anc_2-1,0.000023,0.000000,0.000000,0.000261
Q_ind_45_anc_2-1,0.000023,0.000000,0.000000,0.000246
Q_ind_46_anc_2-1,0.000307,0.000003,0.000000,0.001991
Q_ind_47_anc_2-1,0.000022,0.000000,0.000000,0.000234
Q_ind_48_anc_2-1,0.000024,0.000000,0.000000,0.000266
Q_ind_49_anc_2-1,0.000024,0.000000,0.000000,0.000261
Q_ind_50_anc_2-1,0.000092,0.000000,0.000000,0.000968
Q_ind_51_anc_2-1,0.000228,0.000000,0.000000,0.002225
Q_ind_52_anc_2-1,0.000023,0.000000,0.000000,0.000244
Q_ind_53_anc_2-1,0.000024,0.000000,0.000000,0.000244
Q_ind_54_anc_2-1,0.000027,0.000000,0.000000,0.000296
Q_ind_55_anc_2-1,0.002181,0.002136,0.000000,0.005721
Q_ind_56_anc_2-1,0.000029,0.000000,0.000000,0.000305
Q_ind_57_anc_2-1,0.000028,0.000000,0.000000,0.000306
Q_ind_58_anc_2-1,0.001560,0.001262,0.000000,0.005259
Q_ind_59_anc_2-1,0.000078,0.000000,0.000000,0.000776
Q_ind_60_anc_2-1,0.000023,0.000000,0.000000,0.000248
Q_ind_61_anc_2-1,0.003228,0.003108,0.000002,0.006990
Q_ind_62_anc_2-1,0.000022,0.000000,0.000000,0.000261
Q_ind_63_anc_2-1,0.000025,0.000000,0.000000,0.000268
Q_ind_64_anc_2-1,0.000023,0.000000,0.000000,0.000255
Q_ind_65_anc_2-1,0.004067,0.003936,0.001724,0.007181
Q_ind_66_anc_2-1,0.000048,0.000000,0.000000,0.000502
Q_ind_67_anc_2-1,0.000689,0.000022,0.000000,0.003969
Q_ind_68_anc_2-1,0.000295,0.000001,0.000000,0.002213
Q_ind_69_anc_2-1,0.000035,0.000000,0.000000,0.000387
Q_ind_70_anc_2-1,0.000030,0.000000,0.000000,0.000326
Q_ind_71_anc_2-1,0.000039,0.000000,0.000000,0.000423
Q_ind_72_anc_2-1,0.000038,0.000000,0.000000,0.000405
Q_ind_73_anc_2-1,0.100148,0.099931,0.087827,0.113560
Q_ind_74_anc_2-1,0.006164,0.006004,0.002696,0.010426
Q_ind_75_anc_2-1,0.006019,0.005869,0.001670,0.010855
Q_ind_76_anc_2-1,0.022105,0.021911,0.015079,0.030151
Q_ind_77_anc_2-1,0.029491,0.029407,0.022126,0.037494
Q_ind_78_anc_2-1,0.010140,0.009897,0.005104,0.016270
Q_ind_79_anc_2-1,0.045402,0.045223,0.036297,0.055318
Q_ind_80_anc_2-1,0.061813,0.061705,0.052739,0.071509
Q_ind_81_anc_2-1,0.000074,0.000000,0.000000,0.000785
Q_ind_82_anc_2-1,0.000138,0.000000,0.000000,0.001255
Q_ind_83_anc_2-1,0.000032,0.000000,0.000000,0.000354
Q_ind_84_anc_2-1,0.003111,0.002998,0.000728,0.005992
Q_ind_85_anc_2-1,0.011923,0.011787,0.007401,0.017322
Q_ind_86_anc_2-1,0.005948,0.005835,0.002843,0.009756
Q_ind_87_anc_2-1,0.000393,0.000001,0.000000,0.002906
Q_ind_88_anc_2-1,0.007671,0.007504,0.004060,0.012195
Q_ind_89_anc_2-1,0.000061,0.000000,0.000000,0.000640
Q_ind_90_anc_2-1,0.000031,0.000000,0.000000,0.000354
Q_ind_91_anc_2-1,0.000161,0.000000,0.000000,0.001403
Q_ind_92_anc_2-1,0.000040,0.000000,0.000000,0.000455
Q_ind_93_anc_2-1,0.006686,0.006477,0.001369,0.013377
Q_ind_94_anc_2-1,0.006368,0.006146,0.002327,0.011695
Q_ind_95_anc_2-1,0.000066,0.000000,0.000000,0.000708
Q_ind_96_anc_2-1,0.021409,0.021110,0.013875,0.030274
Q_ind_97_anc_2-1,0.000483,0.000027,0.000000,0.002636
Q_ind_98_anc_2-1,0.002091,0.001853,0.000000,0.006270
Q_ind_99_anc_2-1,0.000155,0.000000,0.000000,0.001563
Q_ind_100_anc_2-1,0.000060,0.000000,0.000000,0.000640
Q_ind_101_anc_2-1,0.008900,0.008795,0.005307,0.013241
Q_ind_102_anc_2-1,0.000075,0.000000,0.000000,0.000828
Q_ind_103_anc_2-1,0.005867,0.005696,0.001825,0.010913
Q_ind_104_anc_2-1,0.000788,0.000024,0.000000,0.004343
Q_ind_105_anc_2-1,0.002299,0.002222,0.000000,0.005906
Q_ind_106_anc_2-1,0.012519,0.012385,0.007208,0.018772
Q_ind_107_anc_2-1,0.000399,0.000001,0.000000,0.003032
Q_ind_108_anc_2-1,0.008012,0.007821,0.003723,0.013059
Q_ind_109_anc_2-1,0.000021,0.000000,0.000000,0.000228
Q_ind_110_anc_2-1,0.007648,0.007539,0.004576,0.011364
Q_ind_111_anc_2-1,0.000022,0.000000,0.000000,0.000241
Q_ind_112_anc_2-1,0.000022,0.000000,0.000000,0.000246
Q_ind_113_anc_2-1,0.000111,0.000000,0.000000,0.001153
Q_ind_114_anc_2-1,0.003398,0.003256,0.000872,0.006606
Q_ind_115_anc_2-1,0.000038,0.000000,0.000000,0.000423
Q_ind_116_anc_2-1,0.000136,0.000000,0.000000,0.001252
Q_ind_117_anc_2-1,0.000021,0.000000,0.000000,0.000241
Q_ind_118_anc_2-1,0.011283,0.011172,0.007469,0.015708
Q_ind_119_anc_2-1,0.000045,0.000000,0.000000,0.000486
Q_ind_120_anc_2-1,0.000022,0.000000,0.000000,0.000240
Q_ind_121_anc_2-1,0.000041,0.000000,0.000000,0.000490
Q_ind_122_anc_2-1,0.000474,0.000003,0.000000,0.003161
Q_ind_123_anc_2-1,0.000053,0.000000,0.000000,0.000586
Q_ind_124_anc_2-1,0.000026,0.000000,0.000000,0.000287
Q_ind_125_anc_2-1,0.000024,0.000000,0.000000,0.000264
Q_ind_126_anc_2-1,0.000042,0.000000,0.000000,0.000457
Q_ind_127_anc_2-1,0.001011,0.000207,0.000000,0.004819
Q_ind_128_anc_2-1,0.000054,0.000000,0.000000,0.000608
Q_ind_129_anc_2-1,0.000022,0.000000,0.000000,0.000246
Q_ind_130_anc_2-1,0.000026,0.000000,0.000000,0.000289
Q_ind_131_anc_2-1,0.000026,0.000000,0.000000,0.000279
Q_ind_132_anc_2-1,0.000035,0.000000,0.000000,0.000380
Q_ind_133_anc_2-1,0.000025,0.000000,0.000000,0.000278
Q_ind_134_anc_2-1,0.000023,0.000000,0.000000,0.000261
Q_ind_135_anc_2-1,0.000184,0.000000,0.000000,0.001530
Q_ind_136_anc_2-1,0.005378,0.005199,0.001060,0.010626
Q_ind_137_anc_2-1,0.003056,0.002887,0.000000,0.008315
Q_ind_138_anc_2-1,0.000021,0.000000,0.000000,0.000242
Q_ind_139_anc_2-1,0.000022,0.000000,0.000000,0.000242
Q_ind_140_anc_2-1,0.000024,0.000000,0.000000,0.000256
Q_ind_141_anc_2-1,0.000021,0.000000,0.000000,0.000235
Q_ind_142_anc_2-1,0.000026,0.000000,0.000000,0.000272
Q_ind_143_anc_2-1,0.000021,0.000000,0.000000,0.000220
Q_ind_144_anc_2-1,0.000023,0.000000,0.000000,0.000248
Q_ind_145_anc_2-1,0.000022,0.000000,0.000000,0.000246
Q_ind_146_anc_2-1,0.000049,0.000000,0.000000,0.000540
Q_ind_147_anc_2-1,0.000078,0.000000,0.000000,0.000791
Q_ind_148_anc_2-1,0.000047,0.000000,0.000000,0.000526
Q_ind_149_anc_2-1,0.000054,0.000000,0.000000,0.000592
Q_ind_150_anc_2-1,0.000033,0.000000,0.000000,0.000374
Q_ind_151_anc_2-1,0.000166,0.000000,0.000000,0.001361
Q_ind_152_anc_2-1,0.000045,0.000000,0.000000,0.000493
Q_ind_153_anc_2-1,0.005206,0.005075,0.000459,0.010432
Q_ind_154_anc_2-1,0.000480,0.000002,0.000000,0.003433
Q_ind_155_anc_2-1,0.000375,0.000001,0.000000,0.002688
Q_ind_156_anc_2-1,0.004888,0.004751,0.001769,0.008922
Q_ind_157_anc_2-1,0.000446,0.000002,0.000000,0.003040
Q_ind_158_anc_2-1,0.001267,0.000854,0.000000,0.004711
Q_ind_159_anc_2-1,0.000035,0.000000,0.000000,0.000376
Q_ind_160_anc_2-1,0.000189,0.000000,0.000000,0.001906
Q_ind_161_anc_2-1,0.000026,0.000000,0.000000,0.000265
Q_ind_162_anc_2-1,0.004944,0.004790,0.002120,0.008613
Q_ind_163_anc_2-1,0.000183,0.000000,0.000000,0.001820
Q_ind_164_anc_2-1,0.000050,0.000000,0.000000,0.000552
Q_ind_165_anc_2-1,0.000031,0.000000,0.000000,0.000326
Q_ind_166_anc_2-1,0.000063,0.000000,0.000000,0.000707
Q_ind_167_anc_2-1,0.000040,0.000000,0.000000,0.000442
Q_ind_168_anc_2-1,0.006762,0.006641,0.003551,0.010685
Q_ind_169_anc_2-1,0.000096,0.000000,0.000000,0.000970
Q_ind_170_anc_2-1,0.000253,0.000001,0.000000,0.001830
Q_ind_171_anc_2-1,0.000132,0.000000,0.000000,0.001329
Q_ind_172_anc_2-1,0.003037,0.002905,0.000830,0.005996
Q_ind_173_anc_2-1,0.002819,0.002711,0.000860,0.005405
Q_ind_174_anc_2-1,0.000071,0.000000,0.000000,0.000710
Q_ind_175_anc_2-1,0.003646,0.003505,0.001149,0.006871
Q_ind_176_anc_2-1,0.000023,0.000000,0.000000,0.000266
Q_ind_177_anc_2-1,0.000060,0.000000,0.000000,0.000630
Q_ind_178_anc_2-1,0.002572,0.002365,0.000000,0.007379
Q_ind_179_anc_2-1,0.000029,0.000000,0.000000,0.000317
Q_ind_180_anc_2-1,0.980183,0.980421,0.971208,0.987968
Q_ind_181_anc_2-1,0.998841,0.999277,0.995670,1.000000
Q_ind_182_anc_2-1,0.987953,0.988171,0.980677,0.994087
Q_ind_183_anc_2-1,0.997839,0.999002,0.991103,1.000000
Q_ind_184_anc_2-1,0.017380,0.017191,0.011555,0.023958
Q_ind_185_anc_2-1,0.991978,0.992206,0.985709,0.996797
Q_ind_186_anc_2-1,0.745739,0.745501,0.728297,0.763303
Q_ind_187_anc_2-1,0.991777,0.992151,0.984212,0.997386
Q_ind_188_anc_2-1,0.999576,0.999985,0.996762,1.000000
Q_ind_189_anc_2-1,0.999871,0.999996,0.998881,1.000000
Q_ind_190_anc_2-1,0.998045,0.999170,0.991367,1.000000
Q_ind_191_anc_2-1,0.997931,0.998463,0.992824,1.000000
Q_ind_192_anc_2-1,0.942770,0.942884,0.931622,0.952907
Q_ind_193_anc_2-1,0.998239,0.998897,0.993191,1.000000
Q_ind_194_anc_2-1,0.989255,0.989356,0.980265,0.997413
Q_ind_195_anc_2-1,0.993023,0.993222,0.986873,0.997815
Q_ind_196_anc_2-1,0.998001,0.998428,0.993196,1.000000
Q_ind_197_anc_2-1,0.995074,0.995581,0.986322,1.000000
Q_ind_198_anc_2-1,0.668525,0.668725,0.647267,0.688561
Q_ind_199_anc_2-1,0.992905,0.993089,0.986455,0.998494
Q_ind_200_anc_2-1,0.483747,0.483792,0.464255,0.503194
Q_ind_201_anc_2-1,0.559135,0.559115,0.538820,0.579087
Q_ind_202_anc_2-1,0.999571,0.999983,0.996586,1.000000
Q_ind_203_anc_2-1,0.950340,0.950465,0.938213,0.961739
Q_ind_204_anc_2-1,0.944856,0.944971,0.933328,0.955648
Q_ind_205_anc_2-1,0.999462,0.999987,0.994880,1.000000
Q_ind_206_anc_2-1,0.998437,0.999283,0.993267,1.000000
Q_ind_207_anc_2-1,0.986919,0.987126,0.978624,0.993820
Q_ind_208_anc_2-1,0.994368,0.994628,0.989002,0.998013
Q_ind_209_anc_2-1,0.994435,0.994814,0.987720,0.998718
Q_ind_210_anc_2-1,0.004657,0.004630,0.000000,0.009776
Q_ind_211_anc_2-1,0.607590,0.607693,0.587106,0.627736
Q_ind_212_anc_2-1,0.999387,0.999980,0.995308,1.000000
Q_ind_213_anc_2-1,0.999805,0.999996,0.998200,1.000000
Q_ind_214_anc_2-1,0.406872,0.407039,0.382798,0.430444
Q_ind_215_anc_2-1,0.008442,0.008291,0.004124,0.013573
Q_ind_216_anc_2-1,0.999229,0.999935,0.995269,1.000000
Q_ind_217_anc_2-1,0.988052,0.988203,0.980173,0.994801
Q_ind_218_anc_2-1,0.589925,0.589799,0.570706,0.609341
Q_ind_219_anc_2-1,0.584519,0.584665,0.564598,0.604013
Q_ind_220_anc_2-1,0.980450,0.980717,0.970232,0.989199
Q_ind_221_anc_2-1,0.804493,0.804585,0.781380,0.826265
Q_ind_222_anc_2-1,0.923679,0.923897,0.908098,0.938259
Q_ind_223_anc_2-1,0.812461,0.812586,0.790040,0.834496
Q_ind_224_anc_2-1,0.976107,0.976234,0.967915,0.983668
Q_ind_225_anc_2-1,0.887278,0.887585,0.869762,0.903906
Q_ind_226_anc_2-1,0.950830,0.950991,0.938846,0.961971
Q_ind_227_anc_2-1,0.963438,0.963544,0.952787,0.972984
Q_ind_228_anc_2-1,0.967334,0.967545,0.957813,0.975751
Q_ind_229_anc_2-1,0.966624,0.966885,0.957166,0.975483
Q_ind_230_anc_2-1,0.944784,0.944902,0.931725,0.956904
Q_ind_231_anc_2-1,0.968146,0.968244,0.958138,0.977387
Q_ind_232_anc_2-1,0.977206,0.977360,0.968609,0.984920
Q_ind_233_anc_2-1,0.958355,0.958584,0.946684,0.968589
Q_ind_234_anc_2-1,0.967873,0.968066,0.959201,0.975815
Q_ind_235_anc_2-1,0.960813,0.960860,0.951033,0.970201
Q_ind_236_anc_2-1,0.975067,0.975221,0.967013,0.982263
Q_ind_237_anc_2-1,0.953425,0.953567,0.942499,0.963587
Q_ind_238_anc_2-1,0.000112,0.000000,0.000000,0.001164
Q_ind_239_anc_2-1,0.944303,0.944473,0.931052,0.956702
Q_ind_240_anc_2-1,0.963690,0.963785,0.953684,0.972775
Q_ind_241_anc_2-1,0.840432,0.840584,0.824345,0.855591
Q_ind_242_anc_2-1,0.976647,0.976900,0.968138,0.984239
Q_ind_243_anc_2-1,0.957858,0.957994,0.946702,0.968365
Q_ind_244_anc_2-1,0.943169,0.943204,0.931107,0.955231
Q_ind_245_anc_2-1,0.972871,0.973052,0.963504,0.981245
Q_ind_246_anc_2-1,0.929727,0.929865,0.915301,0.942369
Q_ind_247_anc_2-1,0.977055,0.977243,0.968891,0.984243
Q_ind_248_anc_2-1,0.974607,0.974861,0.965695,0.982270
Q_ind_249_anc_2-1,0.957535,0.957704,0.946452,0.967663
Q_ind_250_anc_2-1,0.946266,0.946409,0.934763,0.956905
Q_ind_251_anc_2-1,0.967535,0.967681,0.957438,0.976681
Q_ind_252_anc_2-1,0.957320,0.957485,0.946250,0.967012
Q_ind_253_anc_2-1,0.926321,0.926507,0.911325,0.940167
Q_ind_254_anc_2-1,0.977213,0.977364,0.969451,0.984286
Q_ind_255_anc_2-1,0.949381,0.949492,0.938481,0.959773
Q_ind_256_anc_2-1,0.975561,0.975749,0.967145,0.982904
Q_ind_257_anc_2-1,0.974179,0.974306,0.965823,0.981626
Q_ind_258_anc_2-1,0.968699,0.968759,0.959700,0.976933
Q_ind_259_anc_2-1,0.977251,0.977416,0.969566,0.984306
Q_ind_260_anc_2-1,0.975024,0.975151,0.966004,0.983074
Q_ind_261_anc_2-1,0.957442,0.957667,0.947086,0.966573
Q_ind_262_anc_2-1,0.927414,0.927614,0.912522,0.941268
Q_ind_263_anc_2-1,0.969300,0.969370,0.960472,0.977543
Q_ind_264_anc_2-1,0.944347,0.944462,0.931165,0.956404
Q_ind_265_anc_2-1,0.945446,0.945611,0.933130,0.956822
Q_ind_266_anc_2-1,0.965245,0.965402,0.955801,0.974005
Q_ind_267_anc_2-1,0.975397,0.975607,0.966963,0.982907
Q_ind_268_anc_2-1,0.966353,0.966488,0.956348,0.975365
Q_ind_269_anc_2-1,0.968811,0.968972,0.959504,0.977233
Q_ind_270_anc_2-1,0.924073,0.924284,0.908595,0.938811
Q_ind_271_anc_2-1,0.964241,0.964404,0.953720,0.973973
Q_ind_272_anc_2-1,0.966118,0.966308,0.956441,0.974855
Q_ind_273_anc_2-1,0.975339,0.975464,0.966666,0.983265
Q_ind_274_anc_2-1,0.961531,0.961700,0.951313,0.970897
Q_ind_275_anc_2-1,0.965982,0.966172,0.955672,0.975098
Q_ind_276_anc_2-1,0.964406,0.964532,0.954021,0.973659
Q_ind_277_anc_2-1,0.425674,0.425662,0.406389,0.444866
Q_ind_278_anc_2-1,0.977912,0.978352,0.965208,0.988198
Q_ind_279_anc_2-1,0.976585,0.976731,0.965786,0.986192
Q_ind_280_anc_2-1,0.000038,0.000000,0.000000,0.000395
Q_ind_281_anc_2-1,0.973797,0.974048,0.962520,0.983082
Q_ind_282_anc_2-1,0.023541,0.023443,0.017583,0.030036
Q_ind_283_anc_2-1,0.000029,0.000000,0.000000,0.000315
Q_ind_284_anc_2-1,0.014423,0.014301,0.009520,0.020122
Q_ind_285_anc_2-1,0.984416,0.984569,0.974683,0.993189
Q_ind_286_anc_2-1,0.989470,0.989682,0.978867,0.998513
Q_ind_287_anc_2-1,0.958866,0.958867,0.946361,0.971099
Q_ind_288_anc_2-1,0.987139,0.987221,0.977247,0.998210
Q_ind_289_anc_2-1,0.969651,0.969840,0.958761,0.979283
Q_ind_290_anc_2-1,0.000043,0.000000,0.000000,0.000484
Q_ind_291_anc_2-1,0.979529,0.979671,0.969228,0.988878
Q_ind_292_anc_2-1,0.979137,0.979328,0.968021,0.989043
Q_ind_293_anc_2-1,0.972874,0.973193,0.961647,0.982548
Q_ind_294_anc_2-1,0.000041,0.000000,0.000000,0.000467
Q_ind_295_anc_2-1,0.984739,0.984739,0.975210,0.994201
Q_ind_296_anc_2-1,0.035715,0.035572,0.028293,0.044031
Q_ind_297_anc_2-1,0.581099,0.581106,0.561183,0.601772
Q_ind_298_anc_2-1,0.968384,0.968535,0.953416,0.982842
Q_ind_299_anc_2-1,0.000044,0.000000,0.000000,0.000478
Q_ind_300_anc_2-1,0.000082,0.000000,0.000000,0.000847
Q_ind_301_anc_2-1,0.000035,0.000000,0.000000,0.000390
Q_ind_302_anc_2-1,0.000067,0.000000,0.000000,0.000757
Q_ind_303_anc_2-1,0.000046,0.000000,0.000000,0.000471
Q_ind_304_anc_2-1,0.000039,0.000000,0.000000,0.000421
Q_ind_305_anc_2-1,0.000051,0.000000,0.000000,0.000533
Q_ind_306_anc_2-1,0.000037,0.000000,0.000000,0.000394
Q_ind_307_anc_2-1,0.000048,0.000000,0.000000,0.000529
Q_ind_308_anc_2-1,0.974324,0.974593,0.963715,0.983708
Q_ind_309_anc_2-1,0.000032,0.000000,0.000000,0.000344
Q_ind_310_anc_2-1,0.969950,0.970166,0.958394,0.980682
Q_ind_311_anc_2-1,0.936851,0.936949,0.920051,0.952907
Q_ind_312_anc_2-1,0.000037,0.000000,0.000000,0.000388
Q_ind_313_anc_2-1,0.000055,0.000000,0.000000,0.000608
Q_ind_314_anc_2-1,0.000902,0.000012,0.000000,0.005413
Q_ind_315_anc_2-1,0.975175,0.975415,0.964748,0.984650
Q_ind_316_anc_2-1,0.986058,0.986224,0.978946,0.992388
Q_ind_317_anc_2-1,0.961969,0.962111,0.951357,0.971652
Q_ind_318_anc_2-1,0.970416,0.970572,0.962129,0.978022
Q_ind_319_anc_2-1,0.948633,0.948802,0.938643,0.957923
Q_ind_320_anc_2-1,0.073945,0.073786,0.064483,0.084048
Q_ind_321_anc_2-1,0.895076,0.895210,0.877676,0.911800
Q_ind_322_anc_2-1,0.000029,0.000000,0.000000,0.000306
Q_ind_323_anc_2-1,0.000600,0.000307,0.000000,0.002532
Q_ind_324_anc_2-1,0.024124,0.024008,0.018582,0.030220
Q_ind_325_anc_2-1,0.006805,0.006706,0.003884,0.010367
Q_ind_326_anc_2-1,0.000030,0.000000,0.000000,0.000318
Q_ind_327_anc_2-1,0.000024,0.000000,0.000000,0.000268
Q_ind_328_anc_2-1,0.025586,0.025492,0.019884,0.031765
Q_ind_329_anc_2-1,0.030082,0.029963,0.024068,0.036896
Q_ind_330_anc_2-1,0.000045,0.000000,0.000000,0.000501
Q_ind_331_anc_2-1,0.000024,0.000000,0.000000,0.000240
Q_ind_332_anc_2-1,0.976096,0.976264,0.967411,0.983666
Q_ind_333_anc_2-1,0.144200,0.144134,0.131906,0.157208
Q_ind_334_anc_2-1,0.974467,0.974631,0.965948,0.982067
Q_ind_335_anc_2-1,0.971012,0.971215,0.961155,0.979885
Q_ind_336_anc_2-1,0.000583,0.000032,0.000000,0.003131
Q_ind_337_anc_2-1,0.909376,0.909565,0.893948,0.923758
Q_ind_338_anc_2-1,0.978311,0.978473,0.970109,0.985457
Q_ind_339_anc_2-1,0.010672,0.010551,0.005788,0.016517
Q_ind_340_anc_2-1,0.017185,0.017008,0.010207,0.024628
Q_ind_341_anc_2-1,0.761139,0.761490,0.734799,0.785889
Q_ind_342_anc_2-1,0.616693,0.616646,0.598617,0.635004
Q_ind_343_anc_2-1,0.000029,0.000000,0.000000,0.000309
Q_ind_344_anc_2-1,0.480299,0.480195,0.462779,0.498416
Q_ind_345_anc_2-1,0.000048,0.000000,0.000000,0.000494
Q_ind_346_anc_2-1,0.035051,0.034897,0.028257,0.042453
Q_ind_347_anc_2-1,0.000142,0.000000,0.000000,0.001243
Q_ind_348_anc_2-1,0.047838,0.047679,0.038736,0.057476
Q_ind_349_anc_2-1,0.972800,0.972919,0.963860,0.980843
Q_ind_350_anc_2-1,0.946868,0.947075,0.936199,0.957083
Q_ind_351_anc_2-1,0.000025,0.000000,0.000000,0.000260
Q_ind_352_anc_2-1,0.984717,0.984922,0.977533,0.990923
Q_ind_353_anc_2-1,0.000056,0.000000,0.000000,0.000577
Q_ind_354_anc_2-1,0.978403,0.978658,0.970518,0.985206
Q_ind_355_anc_2-1,0.500954,0.501010,0.478523,0.523139
Q_ind_356_anc_2-1,0.956322,0.956434,0.947130,0.964738
Q_ind_357_anc_2-1,0.974997,0.975104,0.966909,0.982421
Q_ind_358_anc_2-1,0.000038,0.000000,0.000000,0.000405
Q_ind_359_anc_2-1,0.000049,0.000000,0.000000,0.000533
Q_ind_360_anc_2-1,0.947775,0.947927,0.936616,0.958048
Q_ind_361_anc_2-1,0.972070,0.972221,0.963094,0.980089
Q_ind_362_anc_2-1,0.969029,0.969116,0.960456,0.976859
Q_ind_363_anc_2-1,0.968106,0.968166,0.958068,0.977012
Q_ind_364_anc_2-1,0.020638,0.020549,0.014549,0.027479
Q_ind_365_anc_2-1,0.498457,0.498478,0.478696,0.518169
Q_ind_366_anc_2-1,0.894714,0.894853,0.882075,0.906484
Q_ind_367_anc_2-1,0.948115,0.948302,0.936458,0.958925
Q_ind_368_anc_2-1,0.002777,0.002642,0.000528,0.005565
Q_ind_369_anc_2-1,0.018884,0.018777,0.013472,0.024900
Q_ind_370_anc_2-1,0.007368,0.007246,0.003881,0.011615
Q_ind_371_anc_2-1,0.061065,0.060867,0.050318,0.072372
Q_ind_372_anc_2-1,0.035737,0.035604,0.028223,0.044228
Q_ind_373_anc_2-1,0.034212,0.034114,0.027274,0.041790
Q_ind_374_anc_2-1,0.967454,0.967608,0.957951,0.975772
Q_ind_375_anc_2-1,0.015508,0.015376,0.010797,0.020961
Q_ind_376_anc_2-1,0.003418,0.003262,0.000968,0.006761
Q_ind_377_anc_2-1,0.967223,0.967341,0.957533,0.976004
Q_ind_378_anc_2-1,0.002888,0.002782,0.000631,0.005659
Q_ind_379_anc_2-1,0.969282,0.969448,0.959141,0.978218
Q_ind_380_anc_2-1,0.912194,0.912350,0.897109,0.926240
Q_ind_381_anc_2-1,0.003572,0.003421,0.001308,0.006718
Q_ind_382_anc_2-1,0.007719,0.007567,0.004332,0.011925
Q_ind_383_anc_2-1,0.026771,0.026668,0.019436,0.034685
Q_ind_384_anc_2-1,0.081788,0.081714,0.070861,0.093364
Q_ind_385_anc_2-1,0.968313,0.968448,0.958463,0.977440
Q_ind_386_anc_2-1,0.863690,0.863775,0.847948,0.879325
Q_ind_387_anc_2-1,0.973934,0.974108,0.965178,0.981571
Q_ind_388_anc_2-1,0.967989,0.968069,0.959189,0.976243
Q_ind_389_anc_2-1,0.963713,0.963883,0.954697,0.971957
Q_ind_390_anc_2-1,0.964664,0.964727,0.953983,0.974418
Q_ind_391_anc_2-1,0.973471,0.973641,0.964647,0.981345
Q_ind_392_anc_2-1,0.957758,0.957886,0.946787,0.967873
Q_ind_393_anc_2-1,0.961891,0.962129,0.952072,0.970772
Q_ind_394_anc_2-1,0.974553,0.974749,0.965893,0.982294
Q_ind_395_anc_2-1,0.949164,0.949429,0.936172,0.960832
Q_ind_396_anc_2-1,0.927221,0.927270,0.915795,0.938054
Q_ind_397_anc_2-1,0.926256,0.926442,0.914153,0.937427
Q_ind_398_anc_2-1,0.022978,0.022844,0.017590,0.029125
Q_ind_399_anc_2-1,0.978493,0.978656,0.970519,0.985763
Q_ind_400_anc_2-1,0.024368,0.024233,0.018255,0.031191
Q_ind_401_anc_2-1,0.003106,0.002970,0.000959,0.006040
Q_ind_402_anc_2-1,0.000428,0.000014,0.000000,0.002489
Q_ind_403_anc_2-1,0.000088,0.000000,0.000000,0.000820
Q_ind_404_anc_2-1,0.110122,0.109944,0.098251,0.122649
Q_ind_405_anc_2-1,0.091012,0.090950,0.079975,0.102417
Q_ind_406_anc_2-1,0.000026,0.000000,0.000000,0.000302
Q_ind_407_anc_2-1,0.106993,0.106869,0.095857,0.118785
Q_ind_408_anc_2-1,0.000050,0.000000,0.000000,0.000545
Q_ind_409_anc_2-1,0.087303,0.087156,0.076331,0.098711
Q_ind_410_anc_2-1,0.000068,0.000000,0.000000,0.000683
Q_ind_411_anc_2-1,0.000025,0.000000,0.000000,0.000260
Q_ind_412_anc_2-1,0.530975,0.531015,0.511366,0.550509
Q_ind_413_anc_2-1,0.377012,0.377072,0.359179,0.394488
Q_ind_414_anc_2-1,0.000025,0.000000,0.000000,0.000261
Q_ind_415_anc_2-1,0.000083,0.000000,0.000000,0.000866
Q_ind_416_anc_2-1,0.000067,0.000000,0.000000,0.000731
Q_ind_417_anc_2-1,0.000063,0.000000,0.000000,0.000682
Q_ind_418_anc_2-1,0.074750,0.074618,0.064550,0.085570
Q_ind_419_anc_2-1,0.825169,0.825375,0.807235,0.842876
Q_ind_420_anc_2-1,0.000117,0.000000,0.000000,0.001178
Q_ind_421_anc_2-1,0.000161,0.000000,0.000000,0.001403
Q_ind_422_anc_2-1,0.091142,0.091002,0.077003,0.106306
Q_ind_423_anc_2-1,0.000219,0.000000,0.000000,0.001836
Q_ind_424_anc_2-1,0.000460,0.000007,0.000000,0.002827
Q_ind_425_anc_2-1,0.451864,0.451859,0.432527,0.471269
Q_ind_426_anc_2-1,0.118242,0.118119,0.105339,0.131625
Q_ind_427_anc_2-1,0.944491,0.944526,0.932125,0.956329
Q_ind_428_anc_2-1,0.000028,0.000000,0.000000,0.000313
Q_ind_429_anc_2-1,0.000036,0.000000,0.000000,0.000375
Q_ind_430_anc_2-1,0.103129,0.103070,0.091327,0.115288
Q_ind_431_anc_2-1,0.000027,0.000000,0.000000,0.000294
Q_ind_432_anc_2-1,0.000036,0.000000,0.000000,0.000391
Q_ind_433_anc_2-1,0.000028,0.000000,0.000000,0.000297
Q_ind_434_anc_2-1,0.000059,0.000000,0.000000,0.000655
Q_ind_435_anc_2-1,0.000035,0.000000,0.000000,0.000383
Q_ind_436_anc_2-1,0.158691,0.158733,0.144640,0.172872
Q_ind_437_anc_2-1,0.499098,0.499112,0.479396,0.519067
Q_ind_438_anc_2-1,0.000038,0.000000,0.000000,0.000436
Q_ind_439_anc_2-1,0.000032,0.000000,0.000000,0.000356
Q_ind_440_anc_2-1,0.168675,0.168606,0.154787,0.182912
Q_ind_441_anc_2-1,0.000029,0.000000,0.000000,0.000318
Q_ind_442_anc_2-1,0.000024,0.000000,0.000000,0.000266
Q_ind_443_anc_2-1,0.948618,0.948747,0.936368,0.959980
Q_ind_444_anc_2-1,0.125472,0.125428,0.112549,0.138921
Q_ind_445_anc_2-1,0.000032,0.000000,0.000000,0.000367
Q_ind_446_anc_2-1,0.064216,0.064096,0.055028,0.074001
Q_ind_447_anc_2-1,0.818186,0.818317,0.802716,0.833294
Q_ind_448_anc_2-1,0.000028,0.000000,0.000000,0.000298
Q_ind_449_anc_2-1,0.000021,0.000000,0.000000,0.000228
Q_ind_450_anc_2-1,0.048399,0.048257,0.040458,0.057066
Q_ind_451_anc_2-1,0.000023,0.000000,0.000000,0.000239
Q_ind_452_anc_2-1,0.000033,0.000000,0.000000,0.000354
Q_ind_453_anc_2-1,0.455247,0.455449,0.435821,0.474981
Q_ind_454_anc_2-1,0.965907,0.966074,0.955438,0.975458
Q_ind_455_anc_2-1,0.000035,0.000000,0.000000,0.000383
Q_ind_456_anc_2-1,0.000025,0.000000,0.000000,0.000275
Q_ind_457_anc_2-1,0.000035,0.000000,0.000000,0.000390
Q_ind_458_anc_2-1,0.000028,0.000000,0.000000,0.000321
Q_ind_459_anc_2-1,0.000028,0.000000,0.000000,0.000306
Q_ind_460_anc_2-1,0.970792,0.970966,0.961513,0.978818
Q_ind_461_anc_2-1,0.000082,0.000000,0.000000,0.000794
Q_ind_462_anc_2-1,0.000030,0.000000,0.000000,0.000340
Q_ind_463_anc_2-1,0.000092,0.000000,0.000000,0.000937
Q_ind_464_anc_2-1,0.000031,0.000000,0.000000,0.000313
Q_ind_465_anc_2-1,0.104861,0.104842,0.094097,0.116155
Q_ind_466_anc_2-1,0.000106,0.000000,0.000000,0.001032
Q_ind_467_anc_2-1,0.000026,0.000000,0.000000,0.000296
Q_ind_468_anc_2-1,0.154711,0.154571,0.141165,0.169344
Q_ind_469_anc_2-1,0.141452,0.141373,0.128391,0.154337
Q_ind_470_anc_2-1,0.000045,0.000000,0.000000,0.000455
Q_ind_471_anc_2-1,0.871730,0.871792,0.856208,0.887230
Q_ind_472_anc_2-1,0.000031,0.000000,0.000000,0.000359
Q_ind_473_anc_2-1,0.000078,0.000000,0.000000,0.000791
Q_ind_474_anc_2-1,0.136959,0.136761,0.123269,0.151266
Q_ind_475_anc_2-1,0.874713,0.874928,0.858278,0.890280
Q_ind_476_anc_2-1,0.000028,0.000000,0.000000,0.000307
Q_ind_477_anc_2-1,0.000123,0.000000,0.000000,0.001281
Q_ind_478_anc_2-1,0.929201,0.929502,0.909113,0.947134
Q_ind_479_anc_2-1,0.000030,0.000000,0.000000,0.000328
Q_ind_480_anc_2-1,0.066251,0.066147,0.057258,0.075954
Q_ind_481_anc_2-1,0.073194,0.073047,0.062921,0.084074
Q_ind_482_anc_2-1,0.000027,0.000000,0.000000,0.000289
Q_ind_483_anc_2-1,0.827310,0.827666,0.803789,0.848429
Q_ind_484_anc_2-1,0.000037,0.000000,0.000000,0.000394
Q_ind_485_anc_2-1,0.000056,0.000000,0.000000,0.000594
Q_ind_486_anc_2-1,0.000033,0.000000,0.000000,0.000374
Q_ind_487_anc_2-1,0.004704,0.004558,0.001180,0.009013
Q_ind_488_anc_2-1,0.170440,0.170386,0.156743,0.184725
Q_ind_489_anc_2-1,0.962801,0.962981,0.951178,0.972856
Q_ind_490_anc_2-1,0.000070,0.000000,0.000000,0.000704
Q_ind_491_anc_2-1,0.126304,0.126231,0.113848,0.139101
Q_ind_492_anc_2-1,0.000047,0.000000,0.000000,0.000531
Q_ind_493_anc_2-1,0.000040,0.000000,0.000000,0.000444
Q_ind_494_anc_2-1,0.111306,0.111085,0.098412,0.125090
Q_ind_495_anc_2-1,0.965610,0.965750,0.954259,0.975836
Q_ind_496_anc_2-1,0.000106,0.000000,0.000000,0.001052
Q_ind_497_anc_2-1,0.000049,0.000000,0.000000,0.000499
Q_ind_498_anc_2-1,0.000088,0.000000,0.000000,0.001030
Q_ind_499_anc_2-1,0.577310,0.577335,0.559105,0.595526
Q_ind_500_anc_2-1,0.962566,0.962682,0.952406,0.971893
Q_ind_501_anc_2-1,0.964664,0.964787,0.954463,0.973653
Q_ind_502_anc_2-1,0.963986,0.964103,0.954477,0.972618
Q_ind_503_anc_2-1,0.000040,0.000000,0.000000,0.000429
Q_ind_504_anc_2-1,0.000026,0.000000,0.000000,0.000288
Q_ind_505_anc_2-1,0.000036,0.000000,0.000000,0.000416
Q_ind_506_anc_2-1,0.000052,0.000000,0.000000,0.000559
Q_ind_507_anc_2-1,0.000045,0.000000,0.000000,0.000520
Q_ind_508_anc_2-1,0.000996,0.000742,0.000000,0.003534
Q_ind_509_anc_2-1,0.000029,0.000000,0.000000,0.000316
Q_ind_510_anc_2-1,0.000035,0.000000,0.000000,0.000380
Q_ind_511_anc_2-1,0.000070,0.000000,0.000000,0.000722
Q_ind_512_anc_2-1,0.014400,0.014282,0.009786,0.019900
Q_ind_513_anc_2-1,0.420632,0.420725,0.400445,0.440298
Q_ind_514_anc_2-1,0.000088,0.000000,0.000000,0.000916
Q_ind_515_anc_2-1,0.004771,0.004615,0.001388,0.009221
Q_ind_516_anc_2-1,0.105880,0.105750,0.094498,0.117770
Q_ind_517_anc_2-1,0.000056,0.000000,0.000000,0.000577
Q_ind_518_anc_2-1,0.000031,0.000000,0.000000,0.000344
Q_ind_519_anc_2-1,0.000029,0.000000,0.000000,0.000290
Q_ind_520_anc_2-1,0.106848,0.106764,0.095470,0.118874
Q_ind_521_anc_2-1,0.000037,0.000000,0.000000,0.000400
Q_ind_522_anc_2-1,0.000023,0.000000,0.000000,0.000240
Q_ind_523_anc_2-1,0.042394,0.042265,0.033914,0.051431
Q_ind_524_anc_2-1,0.000031,0.000000,0.000000,0.000339
Q_ind_525_anc_2-1,0.000025,0.000000,0.000000,0.000261
Q_ind_526_anc_2-1,0.000034,0.000000,0.000000,0.000368
Q_ind_527_anc_2-1,0.000092,0.000000,0.000000,0.000851
Q_ind_528_anc_2-1,0.000102,0.000000,0.000000,0.001131
Q_ind_529_anc_2-1,0.186517,0.186584,0.172183,0.201116
Q_ind_530_anc_2-1,0.000029,0.000000,0.000000,0.000321
Q_ind_531_anc_2-1,0.000033,0.000000,0.000000,0.000360
Q_ind_532_anc_2-1,0.000028,0.000000,0.000000,0.000311
Q_ind_533_anc_2-1,0.990681,0.990889,0.984248,0.995796
Q_ind_534_anc_2-1,0.000032,0.000000,0.000000,0.000364
Q_ind_535_anc_2-1,0.948494,0.948572,0.936780,0.959645
Q_ind_536_anc_2-1,0.000026,0.000000,0.000000,0.000294
Q_ind_537_anc_2-1,0.000027,0.000000,0.000000,0.000272
Q_ind_538_anc_2-1,0.000029,0.000000,0.000000,0.000307
Q_ind_539_anc_2-1,0.960065,0.960258,0.948896,0.970456
Q_ind_540_anc_2-1,0.000031,0.000000,0.000000,0.000329
Q_ind_541_anc_2-1,0.115200,0.114996,0.102291,0.128893
Q_ind_542_anc_2-1,0.000030,0.000000,0.000000,0.000297
Q_ind_543_anc_2-1,0.291226,0.291180,0.271332,0.311627
Q_ind_544_anc_2-1,0.957726,0.957911,0.946205,0.968128
Q_ind_545_anc_2-1,0.000493,0.000000,0.000000,0.004530
Q_ind_546_anc_2-1,0.000049,0.000000,0.000000,0.000546
Q_ind_547_anc_2-1,0.102313,0.102167,0.088141,0.117258
Q_ind_548_anc_2-1,0.000068,0.000000,0.000000,0.000738
Q_ind_549_anc_2-1,0.299366,0.299303,0.279926,0.319415
Q_ind_550_anc_2-1,0.949443,0.949532,0.937895,0.960639
Q_ind_551_anc_2-1,0.000788,0.000004,0.000000,0.005580
Q_ind_552_anc_2-1,0.116004,0.115957,0.104226,0.127823
Q_ind_553_anc_2-1,0.000025,0.000000,0.000000,0.000261
Q_ind_554_anc_2-1,0.000081,0.000000,0.000000,0.000902
Q_ind_555_anc_2-1,0.000026,0.000000,0.000000,0.000288
Q_ind_556_anc_2-1,0.963809,0.963996,0.952947,0.973555
Q_ind_557_anc_2-1,0.000030,0.000000,0.000000,0.000319
Q_ind_558_anc_2-1,0.000023,0.000000,0.000000,0.000281
Q_ind_559_anc_2-1,0.000027,0.000000,0.000000,0.000303
Q_ind_560_anc_2-1,0.000101,0.000000,0.000000,0.001088
Q_ind_561_anc_2-1,0.002391,0.000506,0.000000,0.010060
Q_ind_562_anc_2-1,0.000026,0.000000,0.000000,0.000287
Q_ind_563_anc_2-1,0.000050,0.000000,0.000000,0.000563
Q_ind_564_anc_2-1,0.000027,0.000000,0.000000,0.000294
Q_ind_565_anc_2-1,0.000043,0.000000,0.000000,0.000467
Q_ind_566_anc_2-1,0.000027,0.000000,0.000000,0.000306
Q_ind_567_anc_2-1,0.000043,0.000000,0.000000,0.000460
Q_ind_568_anc_2-1,0.000027,0.000000,0.000000,0.000295
Q_ind_569_anc_2-1,0.000075,0.000000,0.000000,0.000722
Q_ind_570_anc_2-1,0.000026,0.000000,0.000000,0.000285
Q_ind_571_anc_2-1,0.039773,0.039675,0.031781,0.048115
Q_ind_572_anc_2-1,0.878728,0.878747,0.864062,0.892889
Q_ind_573_anc_2-1,0.090683,0.090578,0.079780,0.102180
Q_ind_574_anc_2-1,0.000031,0.000000,0.000000,0.000332
Q_ind_575_anc_2-1,0.099334,0.099166,0.087889,0.111337
Q_ind_576_anc_2-1,0.000102,0.000000,0.000000,0.001003
Q_ind_577_anc_2-1,0.000027,0.000000,0.000000,0.000290
Q_ind_578_anc_2-1,0.006928,0.006761,0.003467,0.011192
Q_ind_579_anc_2-1,0.984777,0.984956,0.975333,0.993109
Q_ind_580_anc_2-1,0.997005,0.998266,0.988612,1.000000
Q_ind_581_anc_2-1,0.981952,0.982088,0.971838,0.991551
Q_ind_582_anc_2-1,0.971823,0.971977,0.962633,0.980578
Q_ind_583_anc_2-1,0.974570,0.974761,0.964737,0.983593
Q_ind_584_anc_2-1,0.982628,0.982794,0.974259,0.990017
Q_ind_585_anc_2-1,0.000023,0.000000,0.000000,0.000252
Q_ind_586_anc_2-1,0.005804,0.005608,0.001988,0.010782
Q_ind_587_anc_2-1,0.000063,0.000000,0.000000,0.000643
Q_ind_588_anc_2-1,0.390906,0.390794,0.368183,0.414056
Q_ind_589_anc_2-1,0.008418,0.008140,0.003358,0.014954
Q_ind_590_anc_2-1,0.000106,0.000000,0.000000,0.001094
Q_ind_591_anc_2-1,0.002608,0.002462,0.000000,0.006317
Q_ind_592_anc_2-1,0.049938,0.049828,0.040528,0.059841
Q_ind_593_anc_2-1,0.012587,0.012452,0.008496,0.017410
Q_ind_594_anc_2-1,0.000022,0.000000,0.000000,0.000253
Q_ind_595_anc_2-1,0.000146,0.000000,0.000000,0.001276
Q_ind_596_anc_2-1,0.000266,0.000000,0.000000,0.002303
Q_ind_597_anc_2-1,0.006571,0.006444,0.003563,0.010305
Q_ind_598_anc_2-1,0.175512,0.175354,0.161796,0.189988
Q_ind_599_anc_2-1,0.000025,0.000000,0.000000,0.000272
Q_ind_600_anc_2-1,0.008815,0.008724,0.005497,0.012736
Q_ind_601_anc_2-1,0.037524,0.037352,0.029645,0.046207
Q_ind_602_anc_2-1,0.023607,0.023552,0.017984,0.029666
Q_ind_603_anc_2-1,0.000030,0.000000,0.000000,0.000326
Q_ind_604_anc_2-1,0.000024,0.000000,0.000000,0.000246
Q_ind_605_anc_2-1,0.000045,0.000000,0.000000,0.000505
Q_ind_606_anc_2-1,0.016604,0.016472,0.011665,0.022212
Q_ind_607_anc_2-1,0.000026,0.000000,0.000000,0.000276
Q_ind_608_anc_2-1,0.000025,0.000000,0.000000,0.000260
Q_ind_609_anc_2-1,0.000024,0.000000,0.000000,0.000259
Q_ind_610_anc_2-1,0.000023,0.000000,0.000000,0.000240
Q_ind_611_anc_2-1,0.000021,0.000000,0.000000,0.000233
Q_ind_612_anc_2-1,0.033480,0.033381,0.026886,0.040639
Q_ind_613_anc_2-1,0.000023,0.000000,0.000000,0.000243
Q_ind_614_anc_2-1,0.000021,0.000000,0.000000,0.000227
Q_ind_615_anc_2-1,0.000028,0.000000,0.000000,0.000304
Q_ind_616_anc_2-1,0.000036,0.000000,0.000000,0.000428
Q_ind_617_anc_2-1,0.093682,0.093574,0.083101,0.104446
Q_ind_618_anc_2-1,0.000121,0.000000,0.000000,0.001292
Q_ind_619_anc_2-1,0.000033,0.000000,0.000000,0.000332
Q_ind_620_anc_2-1,0.009051,0.008957,0.005693,0.013116
Q_ind_621_anc_2-1,0.000146,0.000000,0.000000,0.001738
Q_ind_622_anc_2-1,0.000026,0.000000,0.000000,0.000272
Q_ind_623_anc_2-1,0.000036,0.000000,0.000000,0.000408
Q_ind_624_anc_2-1,0.000025,0.000000,0.000000,0.000272
Q_ind_625_anc_2-1,0.000028,0.000000,0.000000,0.000310
Q_ind_626_anc_2-1,0.000032,0.000000,0.000000,0.000335
Q_ind_627_anc_2-1,0.000052,0.000000,0.000000,0.000552
Q_ind_628_anc_2-1,0.007667,0.007471,0.003956,0.012192
Q_ind_629_anc_2-1,0.000027,0.000000,0.000000,0.000298
Q_ind_630_anc_2-1,0.000023,0.000000,0.000000,0.000249
Q_ind_631_anc_2-1,0.000026,0.000000,0.000000,0.000262
Q_ind_632_anc_2-1,0.009029,0.009025,0.003328,0.014436
Q_ind_633_anc_2-1,0.000030,0.000000,0.000000,0.000318
Q_ind_634_anc_2-1,0.000027,0.000000,0.000000,0.000291
Q_ind_635_anc_2-1,0.020962,0.020844,0.015307,0.027201
Q_ind_636_anc_2-1,0.018474,0.018333,0.013237,0.024238
Q_ind_637_anc_2-1,0.000025,0.000000,0.000000,0.000274
Q_ind_638_anc_2-1,0.000049,0.000000,0.000000,0.000496
Q_ind_639_anc_2-1,0.010166,0.010051,0.006574,0.014482
Q_ind_640_anc_2-1,0.000031,0.000000,0.000000,0.000327
Q_ind_641_anc_2-1,0.000022,0.000000,0.000000,0.000240
Q_ind_642_anc_2-1,0.182075,0.181980,0.168024,0.196334
Q_ind_643_anc_2-1,0.000024,0.000000,0.000000,0.000284
Q_ind_644_anc_2-1,0.062810,0.062720,0.053803,0.072333
Q_ind_645_anc_2-1,0.177692,0.177689,0.164232,0.191715
Q_ind_646_anc_2-1,0.000022,0.000000,0.000000,0.000229
Q_ind_647_anc_2-1,0.110920,0.110792,0.099460,0.123115
Q_ind_648_anc_2-1,0.003129,0.002301,0.000000,0.010403
Q_ind_649_anc_2-1,0.015515,0.015406,0.010844,0.020830
Q_ind_650_anc_2-1,0.000028,0.000000,0.000000,0.000313
Q_ind_651_anc_2-1,0.004813,0.004671,0.002414,0.007940
Q_ind_652_anc_2-1,0.007900,0.007865,0.003481,0.012799
Q_ind_653_anc_2-1,0.000036,0.000000,0.000000,0.000396
Q_ind_654_anc_2-1,0.000033,0.000000,0.000000,0.000363
Q_ind_655_anc_2-1,0.094035,0.093985,0.083548,0.104776
Q_ind_656_anc_2-1,0.000048,0.000000,0.000000,0.000514
Q_ind_657_anc_2-1,0.000039,0.000000,0.000000,0.000434
Q_ind_658_anc_2-1,0.000079,0.000000,0.000000,0.000855
Q_ind_659_anc_2-1,0.000030,0.000000,0.000000,0.000358
Q_ind_660_anc_2-1,0.000030,0.000000,0.000000,0.000316
Q_ind_661_anc_2-1,0.000030,0.000000,0.000000,0.000323
Q_ind_662_anc_2-1,0.045544,0.045447,0.037516,0.054150
Q_ind_663_anc_2-1,0.000026,0.000000,0.000000,0.000298
Q_ind_664_anc_2-1,0.009236,0.009088,0.005636,0.013568
Q_ind_665_anc_2-1,0.000027,0.000000,0.000000,0.000289
Q_ind_666_anc_2-1,0.000023,0.000000,0.000000,0.000243
Q_ind_667_anc_2-1,0.000029,0.000000,0.000000,0.000301
Q_ind_668_anc_2-1,0.000071,0.000000,0.000000,0.000772
Q_ind_669_anc_2-1,0.000028,0.000000,0.000000,0.000308
Q_ind_670_anc_2-1,0.000024,0.000000,0.000000,0.000274
Q_ind_671_anc_2-1,0.000029,0.000000,0.000000,0.000319
Q_ind_672_anc_2-1,0.000033,0.000000,0.000000,0.000359
Q_ind_673_anc_2-1,0.000032,0.000000,0.000000,0.000356
Q_ind_674_anc_2-1,0.000023,0.000000,0.000000,0.000256
Q_ind_675_anc_2-1,0.000043,0.000000,0.000000,0.000454
Q_ind_676_anc_2-1,0.000026,0.000000,0.000000,0.000298
Q_ind_677_anc_2-1,0.000050,0.000000,0.000000,0.000516
Q_ind_678_anc_2-1,0.062745,0.062663,0.053945,0.072241
Q_ind_679_anc_2-1,0.000027,0.000000,0.000000,0.000289
Q_ind_680_anc_2-1,0.000030,0.000000,0.000000,0.000338
Q_ind_681_anc_2-1,0.000039,0.000000,0.000000,0.000439
Q_ind_682_anc_2-1,0.010514,0.010398,0.006735,0.015003
Q_ind_683_anc_2-1,0.062385,0.062346,0.053641,0.071525
Q_ind_684_anc_2-1,0.000025,0.000000,0.000000,0.000275
Q_ind_685_anc_2-1,0.000026,0.000000,0.000000,0.000269
Q_ind_686_anc_2-1,0.015764,0.015613,0.010969,0.021457
Q_ind_687_anc_2-1,0.067169,0.067155,0.057859,0.076922
Q_ind_688_anc_2-1,0.023009,0.022834,0.016957,0.029890
Q_ind_689_anc_2-1,0.000022,0.000000,0.000000,0.000246
Q_ind_690_anc_2-1,0.000023,0.000000,0.000000,0.000260
Q_ind_691_anc_2-1,0.000030,0.000000,0.000000,0.000318
Q_ind_692_anc_2-1,0.000031,0.000000,0.000000,0.000318
Q_ind_693_anc_2-1,0.000028,0.000000,0.000000,0.000302
Q_ind_694_anc_2-1,0.015774,0.015606,0.009861,0.022602
Q_ind_695_anc_2-1,0.000025,0.000000,0.000000,0.000251
Q_ind_696_anc_2-1,0.000974,0.000809,0.000000,0.003220
Q_ind_697_anc_2-1,0.000035,0.000000,0.000000,0.000391
Q_ind_698_anc_2-1,0.000022,0.000000,0.000000,0.000252
Q_ind_699_anc_2-1,0.000044,0.000000,0.000000,0.000478
Q_ind_700_anc_2-1,0.000040,0.000000,0.000000,0.000408
Q_ind_701_anc_2-1,0.030604,0.030525,0.023789,0.038033
Q_ind_702_anc_2-1,0.000027,0.000000,0.000000,0.000305
Q_ind_703_anc_2-1,0.199599,0.199569,0.185960,0.214026
Q_ind_704_anc_2-1,0.050666,0.050564,0.042153,0.059490
Q_ind_705_anc_2-1,0.000033,0.000000,0.000000,0.000354
Q_ind_706_anc_2-1,0.000023,0.000000,0.000000,0.000262
Q_ind_707_anc_2-1,0.011496,0.011450,0.003980,0.019055
Q_ind_708_anc_2-1,0.067045,0.066962,0.057152,0.077814
Q_ind_709_anc_2-1,0.049177,0.049009,0.040846,0.058407
Q_ind_710_anc_2-1,0.985071,0.985302,0.975302,0.993619
Q_ind_711_anc_2-1,0.942589,0.943008,0.925094,0.958741
Q_ind_712_anc_2-1,0.972340,0.972544,0.960702,0.982945
Q_ind_713_anc_2-1,0.984250,0.984551,0.973655,0.993262
Q_ind_714_anc_2-1,0.971137,0.971379,0.958728,0.982349
Q_ind_715_anc_2-1,0.976538,0.976720,0.966126,0.985991
Q_ind_716_anc_2-1,0.977179,0.977306,0.965460,0.987685
Q_ind_717_anc_2-1,0.948843,0.948990,0.934193,0.962272
Q_ind_718_anc_2-1,0.334272,0.334188,0.314574,0.354657
Q_ind_719_anc_2-1,0.616212,0.616313,0.584053,0.648080
Q_ind_720_anc_2-1,0.992435,0.992785,0.979946,1.000000
Q_ind_721_anc_2-1,0.969173,0.969532,0.955249,0.980944
Q_ind_722_anc_2-1,0.556094,0.556189,0.535149,0.577193
Q_ind_723_anc_2-1,0.971954,0.972363,0.957929,0.983622
Q_ind_724_anc_2-1,0.969775,0.969799,0.956115,0.982486
Q_ind_725_anc_2-1,0.986210,0.986472,0.976231,0.994696
Q_ind_726_anc_2-1,0.979582,0.979871,0.969085,0.988817
Q_ind_727_anc_2-1,0.962221,0.962348,0.949343,0.973754
Q_ind_728_anc_2-1,0.992097,0.991839,0.981292,1.000000
Q_ind_729_anc_2-1,0.492664,0.492547,0.472068,0.513904
Q_ind_730_anc_2-1,0.980016,0.980211,0.968946,0.989876
Q_ind_731_anc_2-1,0.970823,0.971073,0.959234,0.981512
Q_ind_732_anc_2-1,0.961754,0.961869,0.950287,0.972449
Q_ind_733_anc_2-1,0.985772,0.985877,0.976557,0.993864
Q_ind_734_anc_2-1,0.971512,0.971831,0.959493,0.981760
Q_ind_735_anc_2-1,0.986561,0.986939,0.977035,0.994155
Q_ind_736_anc_2-1,0.984484,0.984747,0.974201,0.993027
Q_ind_737_anc_2-1,0.963477,0.963619,0.952179,0.974515
Q_ind_738_anc_2-1,0.988723,0.989057,0.979498,0.996258
Q_ind_739_anc_2-1,0.984122,0.984439,0.973242,0.993253
Q_ind_740_anc_2-1,0.622156,0.622003,0.601115,0.642860
Q_ind_741_anc_2-1,0.981671,0.981904,0.971286,0.990651
Q_ind_742_anc_2-1,0.986123,0.986346,0.975767,0.994939
Q_ind_743_anc_2-1,0.989442,0.989649,0.980342,0.997357
Q_ind_744_anc_2-1,0.990077,0.990362,0.981468,0.997228
Q_ind_745_anc_2-1,0.996176,0.997715,0.985563,1.000000
Q_ind_746_anc_2-1,0.985587,0.985816,0.975620,0.994219
Q_ind_747_anc_2-1,0.980564,0.980826,0.969938,0.990313
Q_ind_748_anc_2-1,0.970930,0.971024,0.960460,0.980756
Q_ind_749_anc_2-1,0.978699,0.978976,0.968183,0.988116
Q_ind_750_anc_2-1,0.987426,0.987652,0.978850,0.994304
Q_ind_751_anc_2-1,0.984088,0.984342,0.974183,0.992646
Q_ind_752_anc_2-1,0.470900,0.470951,0.449719,0.492611
Q_ind_753_anc_2-1,0.533549,0.533661,0.513383,0.552955
Q_ind_754_anc_2-1,0.983279,0.983526,0.973279,0.991964
Q_ind_755_anc_2-1,0.982294,0.982644,0.971939,0.990703
Q_ind_756_anc_2-1,0.993076,0.993182,0.985058,1.000000
Q_ind_757_anc_2-1,0.945070,0.945285,0.928454,0.960619
Q_ind_758_anc_2-1,0.984628,0.984841,0.974710,0.993379
Q_ind_759_anc_2-1,0.966718,0.966900,0.956919,0.975455
Q_ind_760_anc_2-1,0.974207,0.974468,0.963539,0.983463
Q_ind_761_anc_2-1,0.979995,0.980152,0.970986,0.988156
Q_ind_762_anc_2-1,0.958293,0.958415,0.945358,0.970663
Q_ind_763_anc_2-1,0.940130,0.940311,0.923651,0.955060
Q_ind_764_anc_2-1,0.985504,0.985665,0.977565,0.992342
Q_ind_765_anc_2-1,0.006517,0.006339,0.002838,0.011203
Q_ind_766_anc_2-1,0.002418,0.002282,0.000188,0.005364
Q_ind_767_anc_2-1,0.941079,0.941288,0.927588,0.953766
Q_ind_768_anc_2-1,0.938740,0.938858,0.925264,0.951412
Q_ind_769_anc_2-1,0.943643,0.943829,0.931100,0.955706
Q_ind_770_anc_2-1,0.812875,0.813064,0.789325,0.835417
Q_ind_771_anc_2-1,0.782860,0.782932,0.757680,0.808222
Q_ind_772_anc_2-1,0.751715,0.751591,0.722774,0.780900
Q_ind_773_anc_2-1,0.824769,0.824708,0.802635,0.847285
Q_ind_774_anc_2-1,0.921973,0.922118,0.906803,0.936489
Q_ind_775_anc_2-1,0.000507,0.000119,0.000000,0.002531
Q_ind_776_anc_2-1,0.000045,0.000000,0.000000,0.000493
Q_ind_777_anc_2-1,0.003251,0.003309,0.000000,0.007775
Q_ind_778_anc_2-1,0.956847,0.956912,0.945863,0.967145
Q_ind_779_anc_2-1,0.000622,0.000370,0.000000,0.002561
Q_ind_780_anc_2-1,0.000027,0.000000,0.000000,0.000301
Q_ind_781_anc_2-1,0.974529,0.974650,0.965291,0.982793
Q_ind_782_anc_2-1,0.005055,0.004903,0.002384,0.008564
Q_ind_783_anc_2-1,0.004782,0.004632,0.002020,0.008288
Q_ind_784_anc_2-1,0.033001,0.032814,0.025085,0.041797
Q_ind_785_anc_2-1,0.013235,0.013079,0.008882,0.018504
Q_ind_786_anc_2-1,0.015955,0.015803,0.010925,0.021740
Q_ind_787_anc_2-1,0.000040,0.000000,0.000000,0.000464
Q_ind_788_anc_2-1,0.000032,0.000000,0.000000,0.000337
Q_ind_789_anc_2-1,0.000027,0.000000,0.000000,0.000309
Q_ind_790_anc_2-1,0.000026,0.000000,0.000000,0.000275
Q_ind_791_anc_2-1,0.059378,0.059210,0.050225,0.069282
Q_ind_792_anc_2-1,0.960621,0.960719,0.949780,0.970431
Q_ind_793_anc_2-1,0.002956,0.002824,0.000348,0.006213
Q_ind_794_anc_2-1,0.017624,0.017545,0.012105,0.023840
Q_ind_795_anc_2-1,0.000025,0.000000,0.000000,0.000279
Q_ind_796_anc_2-1,0.000805,0.000623,0.000000,0.002763
Q_ind_797_anc_2-1,0.009439,0.009361,0.005792,0.013782
Q_ind_798_anc_2-1,0.024846,0.024732,0.018304,0.032113
Q_ind_799_anc_2-1,0.002142,0.002025,0.000210,0.004550
Q_ind_800_anc_2-1,0.000030,0.000000,0.000000,0.000330
Q_ind_801_anc_2-1,0.010530,0.010393,0.006504,0.015245
Q_ind_802_anc_2-1,0.000035,0.000000,0.000000,0.000375
Q_ind_803_anc_2-1,0.008553,0.008415,0.004712,0.013164
Q_ind_804_anc_2-1,0.020491,0.020375,0.014077,0.027723
Q_ind_805_anc_2-1,0.008997,0.008846,0.005451,0.013345
Q_ind_806_anc_2-1,0.008524,0.008359,0.004232,0.013602
Q_ind_807_anc_2-1,0.000066,0.000000,0.000000,0.000650
Q_ind_808_anc_2-1,0.000042,0.000000,0.000000,0.000472
Q_ind_809_anc_2-1,0.000042,0.000000,0.000000,0.000489
Q_ind_810_anc_2-1,0.000026,0.000000,0.000000,0.000278
Q_ind_811_anc_2-1,0.000023,0.000000,0.000000,0.000244
Q_ind_812_anc_2-1,0.000029,0.000000,0.000000,0.000336
Q_ind_813_anc_2-1,0.000026,0.000000,0.000000,0.000290
Q_ind_814_anc_2-1,0.967989,0.968050,0.958976,0.976163
Q_ind_815_anc_2-1,0.983382,0.983547,0.976456,0.989553
Q_ind_816_anc_2-1,0.979539,0.979693,0.971885,0.986202
Q_ind_817_anc_2-1,0.966874,0.966909,0.958362,0.974726
Q_ind_818_anc_2-1,0.000021,0.000000,0.000000,0.000239
Q_ind_819_anc_2-1,0.946322,0.946527,0.936206,0.955604
Q_ind_820_anc_2-1,0.974035,0.974112,0.965139,0.982087
Q_ind_821_anc_2-1,0.442206,0.442258,0.424896,0.459643
Q_ind_822_anc_2-1,0.077919,0.077827,0.068427,0.088132
Q_ind_823_anc_2-1,0.000389,0.000000,0.000000,0.003798
Q_ind_824_anc_2-1,0.000240,0.000000,0.000000,0.002525
Q_ind_825_anc_2-1,0.000163,0.000000,0.000000,0.001639
Q_ind_826_anc_2-1,0.000022,0.000000,0.000000,0.000236
Q_ind_827_anc_2-1,0.119447,0.119352,0.107676,0.131730
Q_ind_828_anc_2-1,0.013956,0.013821,0.009838,0.018663
Q_ind_829_anc_2-1,0.000044,0.000000,0.000000,0.000466
Q_ind_830_anc_2-1,0.990479,0.990661,0.984348,0.995432
Q_ind_831_anc_2-1,0.973613,0.973801,0.965265,0.981161
Q_ind_832_anc_2-1,0.065672,0.065581,0.056259,0.075201
Q_ind_833_anc_2-1,0.969209,0.969338,0.961001,0.976947
Q_ind_834_anc_2-1,0.981771,0.981916,0.974359,0.988383
Q_ind_835_anc_2-1,0.000497,0.000021,0.000000,0.002811
Q_ind_836_anc_2-1,0.000022,0.000000,0.000000,0.000243
Q_ind_837_anc_2-1,0.000024,0.000000,0.000000,0.000270
Q_ind_838_anc_2-1,0.968036,0.968212,0.959055,0.976071
Q_ind_839_anc_2-1,0.981784,0.981931,0.974806,0.987838
Q_ind_840_anc_2-1,0.000027,0.000000,0.000000,0.000283
Q_ind_841_anc_2-1,0.000024,0.000000,0.000000,0.000274
Q_ind_842_anc_2-1,0.007868,0.007862,0.003259,0.012657
Q_ind_843_anc_2-1,0.975633,0.975708,0.967970,0.982469
Q_ind_844_anc_2-1,0.989138,0.989317,0.982912,0.994355
Q_ind_845_anc_2-1,0.985815,0.985968,0.979268,0.991449
Q_ind_846_anc_2-1,0.978551,0.978668,0.971036,0.985128
Q_ind_847_anc_2-1,0.981550,0.981729,0.972719,0.989176
Q_ind_848_anc_2-1,0.984361,0.984554,0.976421,0.991340
Q_ind_849_anc_2-1,0.927004,0.927121,0.915303,0.937811
Q_ind_850_anc_2-1,0.000026,0.000000,0.000000,0.000293
Q_ind_851_anc_2-1,0.000099,0.000000,0.000000,0.001111
Q_ind_852_anc_2-1,0.000036,0.000000,0.000000,0.000412
Q_ind_853_anc_2-1,0.000022,0.000000,0.000000,0.000240
Q_ind_854_anc_2-1,0.000026,0.000000,0.000000,0.000300
Q_ind_855_anc_2-1,0.000026,0.000000,0.000000,0.000300
Q_ind_856_anc_2-1,0.000030,0.000000,0.000000,0.000330
Q_ind_857_anc_2-1,0.000024,0.000000,0.000000,0.000258
Q_ind_858_anc_2-1,0.000026,0.000000,0.000000,0.000295
Q_ind_859_anc_2-1,0.000023,0.000000,0.000000,0.000256
Q_ind_860_anc_2-1,0.001855,0.001367,0.000000,0.006354
Q_ind_861_anc_2-1,0.000023,0.000000,0.000000,0.000259
Q_ind_862_anc_2-1,0.009081,0.008953,0.005582,0.013355
Q_ind_863_anc_2-1,0.000128,0.000000,0.000000,0.001099
Q_ind_864_anc_2-1,0.000026,0.000000,0.000000,0.000281
Q_ind_865_anc_2-1,0.000030,0.000000,0.000000,0.000345
Q_ind_866_anc_2-1,0.000126,0.000000,0.000000,0.001129
Q_ind_867_anc_2-1,0.979985,0.980174,0.971391,0.987230
Q_ind_868_anc_2-1,0.000053,0.000000,0.000000,0.000571
Q_ind_869_anc_2-1,0.000024,0.000000,0.000000,0.000249
Q_ind_870_anc_2-1,0.000036,0.000000,0.000000,0.000420
Q_ind_871_anc_2-1,0.987445,0.987639,0.979983,0.993812
Q_ind_872_anc_2-1,0.000024,0.000000,0.000000,0.000261
Q_ind_873_anc_2-1,0.000043,0.000000,0.000000,0.000465
Q_ind_874_anc_2-1,0.000024,0.000000,0.000000,0.000248
Q_ind_875_anc_2-1,0.000024,0.000000,0.000000,0.000272
Q_ind_876_anc_2-1,0.000028,0.000000,0.000000,0.000306
Q_ind_877_anc_2-1,0.984631,0.984836,0.976955,0.991182
Q_ind_878_anc_2-1,0.000025,0.000000,0.000000,0.000252
Q_ind_879_anc_2-1,0.000101,0.000000,0.000000,0.001118
Q_ind_880_anc_2-1,0.000327,0.000000,0.000000,0.003143
Q_ind_881_anc_2-1,0.014499,0.014402,0.009933,0.019819
Q_ind_882_anc_2-1,0.993808,0.994071,0.987719,0.998473
Q_ind_883_anc_2-1,0.005764,0.005652,0.002962,0.009198
Q_ind_884_anc_2-1,0.985247,0.985406,0.977988,0.991629
Q_ind_885_anc_2-1,0.034560,0.034404,0.027263,0.042531
Q_ind_886_anc_2-1,0.000031,0.000000,0.000000,0.000355
Q_ind_887_anc_2-1,0.000053,0.000000,0.000000,0.000580
Q_ind_888_anc_2-1,0.005591,0.005430,0.002442,0.009586
Q_ind_889_anc_2-1,0.013597,0.013456,0.008962,0.018878
Q_ind_890_anc_2-1,0.000038,0.000000,0.000000,0.000405
Q_ind_891_anc_2-1,0.000872,0.000072,0.000000,0.004726
Q_ind_892_anc_2-1,0.000027,0.000000,0.000000,0.000303
Q_ind_893_anc_2-1,0.011031,0.010882,0.006050,0.016959
Q_ind_894_anc_2-1,0.007515,0.007416,0.004474,0.011130
Q_ind_895_anc_2-1,0.000062,0.000000,0.000000,0.000657
Q_ind_896_anc_2-1,0.031695,0.031561,0.024355,0.039860
Q_ind_897_anc_2-1,0.000133,0.000000,0.000000,0.001268
Q_ind_898_anc_2-1,0.019615,0.019525,0.014350,0.025432
Q_ind_899_anc_2-1,0.000030,0.000000,0.000000,0.000323
Q_ind_900_anc_2-1,0.000033,0.000000,0.000000,0.000348
Q_ind_901_anc_2-1,0.012481,0.012368,0.008281,0.017454
Q_ind_902_anc_2-1,0.000025,0.000000,0.000000,0.000282
Q_ind_903_anc_2-1,0.037054,0.036914,0.030071,0.044576
Q_ind_904_anc_2-1,0.000094,0.000000,0.000000,0.000984
Q_ind_905_anc_2-1,0.021486,0.021417,0.016073,0.027456
Q_ind_906_anc_2-1,0.000046,0.000000,0.000000,0.000479
Q_ind_907_anc_2-1,0.041577,0.041507,0.034049,0.049516
Q_ind_908_anc_2-1,0.000456,0.000000,0.000000,0.004285
Q_ind_909_anc_2-1,0.000048,0.000000,0.000000,0.000502
Q_ind_910_anc_2-1,0.000028,0.000000,0.000000,0.000286
Q_ind_911_anc_2-1,0.972341,0.972500,0.963106,0.980702
Q_ind_912_anc_2-1,0.000035,0.000000,0.000000,0.000372
Q_ind_913_anc_2-1,0.000026,0.000000,0.000000,0.000284
Q_ind_914_anc_2-1,0.000040,0.000000,0.000000,0.000416
Q_ind_915_anc_2-1,0.000046,0.000000,0.000000,0.000494
Q_ind_916_anc_2-1,0.000021,0.000000,0.000000,0.000229
Q_ind_917_anc_2-1,0.000023,0.000000,0.000000,0.000277
Q_ind_918_anc_2-1,0.000022,0.000000,0.000000,0.000248
Q_ind_919_anc_2-1,0.000027,0.000000,0.000000,0.000279
Q_ind_920_anc_2-1,0.004914,0.004794,0.002486,0.007986
Q_ind_921_anc_2-1,0.939895,0.940035,0.926736,0.952028
Q_ind_922_anc_2-1,0.954826,0.954950,0.944083,0.964964
Q_ind_923_anc_2-1,0.001873,0.001777,0.000000,0.004868
Q_ind_924_anc_2-1,0.939778,0.939917,0.926862,0.951712
Q_ind_925_anc_2-1,0.928753,0.928817,0.914837,0.942090
Q_ind_926_anc_2-1,0.482937,0.482927,0.464407,0.501114
Q_ind_927_anc_2-1,0.450848,0.450872,0.432758,0.468927
Q_ind_928_anc_2-1,0.965110,0.965168,0.954945,0.974249
Q_ind_929_anc_2-1,0.502733,0.502647,0.482079,0.523616
Q_ind_930_anc_2-1,0.514341,0.514386,0.496101,0.532718
Q_ind_931_anc_2-1,0.885428,0.885524,0.862509,0.907356
Q_ind_932_anc_2-1,0.911752,0.911841,0.894916,0.927579
Q_ind_933_anc_2-1,0.960058,0.960225,0.949482,0.969644
Q_ind_934_anc_2-1,0.946161,0.946294,0.933761,0.957564
Q_ind_935_anc_2-1,0.907903,0.908142,0.890820,0.924360
Q_ind_936_anc_2-1,0.936333,0.936487,0.923434,0.948547
Q_ind_937_anc_2-1,0.939474,0.939651,0.926035,0.951537
Q_ind_938_anc_2-1,0.940817,0.940952,0.928569,0.952052
Q_ind_939_anc_2-1,0.966697,0.966938,0.956336,0.976023
Q_ind_940_anc_2-1,0.936369,0.936454,0.922889,0.948995
Q_ind_941_anc_2-1,0.420946,0.420674,0.402500,0.439489
Q_ind_942_anc_2-1,0.964340,0.964591,0.954162,0.973300
Q_ind_943_anc_2-1,0.960862,0.961056,0.950501,0.970121
Q_ind_944_anc_2-1,0.963054,0.963259,0.953335,0.971653
Q_ind_945_anc_2-1,0.000308,0.000001,0.000000,0.002361
Q_ind_946_anc_2-1,0.003839,0.003685,0.001322,0.007149
Q_ind_947_anc_2-1,0.973095,0.973267,0.963141,0.982201
Q_ind_948_anc_2-1,0.000065,0.000000,0.000000,0.000747
Q_ind_949_anc_2-1,0.000030,0.000000,0.000000,0.000323
Q_ind_950_anc_2-1,0.935888,0.936065,0.924074,0.946780
Q_ind_951_anc_2-1,0.019308,0.019150,0.012732,0.026729
Q_ind_952_anc_2-1,0.023839,0.023709,0.017351,0.031066
Q_ind_953_anc_2-1,0.049980,0.049904,0.042036,0.058597
Q_ind_954_anc_2-1,0.928223,0.928344,0.913845,0.941554
Q_ind_955_anc_2-1,0.944016,0.944144,0.930829,0.956249
Q_ind_956_anc_2-1,0.937277,0.937368,0.924089,0.949527
Q_ind_957_anc_2-1,0.000181,0.000000,0.000000,0.001708
Q_ind_958_anc_2-1,0.000220,0.000000,0.000000,0.001996
Q_ind_959_anc_2-1,0.000034,0.000000,0.000000,0.000387
Q_ind_960_anc_2-1,0.000032,0.000000,0.000000,0.000352
Q_ind_961_anc_2-1,0.000036,0.000000,0.000000,0.000408
Q_ind_962_anc_2-1,0.000066,0.000000,0.000000,0.000728
Q_ind_963_anc_2-1,0.000125,0.000000,0.000000,0.001192
Q_ind_964_anc_2-1,0.000041,0.000000,0.000000,0.000439
Q_ind_965_anc_2-1,0.001407,0.001046,0.000000,0.004928
Q_ind_966_anc_2-1,0.945245,0.945387,0.932119,0.957732
Q_ind_967_anc_2-1,0.000388,0.000002,0.000000,0.002620
Q_ind_968_anc_2-1,0.957784,0.957844,0.946987,0.967860
Q_ind_969_anc_2-1,0.000101,0.000000,0.000000,0.001082
Q_ind_970_anc_2-1,0.009594,0.009457,0.005948,0.013942
Q_ind_971_anc_2-1,0.000030,0.000000,0.000000,0.000339
Q_ind_972_anc_2-1,0.000037,0.000000,0.000000,0.000417
Q_ind_973_anc_2-1,0.000430,0.000036,0.000000,0.002390
Q_ind_974_anc_2-1,0.000254,0.000001,0.000000,0.001939
Q_ind_975_anc_2-1,0.060504,0.060362,0.051630,0.070139
Q_ind_976_anc_2-1,0.000068,0.000000,0.000000,0.000718
Q_ind_977_anc_2-1,0.000055,0.000000,0.000000,0.000585
Q_ind_978_anc_2-1,0.000165,0.000000,0.000000,0.001706
Q_ind_979_anc_2-1,0.000057,0.000000,0.000000,0.000648
Q_ind_980_anc_2-1,0.000347,0.000007,0.000000,0.002056
Q_ind_981_anc_2-1,0.936170,0.936306,0.922774,0.948912
Q_ind_982_anc_2-1,0.000179,0.000000,0.000000,0.001816
Q_ind_983_anc_2-1,0.000027,0.000000,0.000000,0.000303
Q_ind_984_anc_2-1,0.965248,0.965388,0.955748,0.974157
Q_ind_985_anc_2-1,0.000029,0.000000,0.000000,0.000304
Q_ind_986_anc_2-1,0.000047,0.000000,0.000000,0.000493
Q_ind_987_anc_2-1,0.000050,0.000000,0.000000,0.000545
Q_ind_988_anc_2-1,0.015583,0.015449,0.010937,0.020758
Q_ind_989_anc_2-1,0.001419,0.001261,0.000000,0.004081
Q_ind_990_anc_2-1,0.000098,0.000000,0.000000,0.001136
Q_ind_991_anc_2-1,0.000106,0.000000,0.000000,0.001205
Q_ind_992_anc_2-1,0.023392,0.023260,0.017308,0.030103
Q_ind_993_anc_2-1,0.000134,0.000000,0.000000,0.001228
Q_ind_994_anc_2-1,0.000054,0.000000,0.000000,0.000564
Q_ind_995_anc_2-1,0.001450,0.001119,0.000000,0.004945
Q_ind_996_anc_2-1,0.390827,0.390728,0.372620,0.409575
Q_ind_997_anc_2-1,0.000101,0.000000,0.000000,0.001088
Q_ind_998_anc_2-1,0.000055,0.000000,0.000000,0.000620
Q_ind_999_anc_2-1,0.000037,0.000000,0.000000,0.000370
Q_ind_1000_anc_2-1,0.004882,0.004726,0.000000,0.010404
Q_ind_1001_anc_2-1,0.000356,0.000018,0.000000,0.002010
Q_ind_1002_anc_2-1,0.000076,0.000000,0.000000,0.000852
Q_ind_1003_anc_2-1,0.000059,0.000000,0.000000,0.000669
Q_ind_1004_anc_2-1,0.002684,0.002544,0.000776,0.005392
Q_ind_1005_anc_2-1,0.000030,0.000000,0.000000,0.000344
Q_ind_1006_anc_2-1,0.000065,0.000000,0.000000,0.000739
Q_ind_1007_anc_2-1,0.006114,0.005830,0.001578,0.012128
Q_ind_1008_anc_2-1,0.012235,0.012129,0.008227,0.017201
Q_ind_1009_anc_2-1,0.000174,0.000000,0.000000,0.001475
Q_ind_1010_anc_2-1,0.000033,0.000000,0.000000,0.000366
Q_ind_1011_anc_2-1,0.000146,0.000000,0.000000,0.001510
Q_ind_1012_anc_2-1,0.000048,0.000000,0.000000,0.000530
Q_ind_1013_anc_2-1,0.000155,0.000000,0.000000,0.001411
Q_ind_1014_anc_2-1,0.000055,0.000000,0.000000,0.000622
Q_ind_1015_anc_2-1,0.002754,0.002562,0.000000,0.007998
Q_ind_1016_anc_2-1,0.002749,0.002631,0.000000,0.006164
Q_ind_1017_anc_2-1,0.001098,0.000754,0.000000,0.004145
Q_ind_1018_anc_2-1,0.000168,0.000000,0.000000,0.001379
Q_ind_1019_anc_2-1,0.000175,0.000000,0.000000,0.001658
Q_ind_1020_anc_2-1,0.000215,0.000000,0.000000,0.001697
Q_ind_1021_anc_2-1,0.000337,0.000009,0.000000,0.002027
Q_ind_1022_anc_2-1,0.000060,0.000000,0.000000,0.000632
Q_ind_1023_anc_2-1,0.000034,0.000000,0.000000,0.000393
Q_ind_1024_anc_2-1,0.000025,0.000000,0.000000,0.000276
Q_ind_1025_anc_2-1,0.000295,0.000004,0.000000,0.001900
Q_ind_1026_anc_2-1,0.011721,0.011491,0.006146,0.018815
Q_ind_1027_anc_2-1,0.003264,0.002981,0.000000,0.009263
Q_ind_1028_anc_2-1,0.000265,0.000001,0.000000,0.002022
Q_ind_1029_anc_2-1,0.000100,0.000000,0.000000,0.001013
Q_ind_1030_anc_2-1,0.000165,0.000000,0.000000,0.001518
Q_ind_1031_anc_2-1,0.000045,0.000000,0.000000,0.000480
Q_ind_1032_anc_2-1,0.000337,0.000001,0.000000,0.002565
Q_ind_1033_anc_2-1,0.000082,0.000000,0.000000,0.000897
Q_ind_1034_anc_2-1,0.000093,0.000000,0.000000,0.001101
Q_ind_1035_anc_2-1,0.000053,0.000000,0.000000,0.000566
Q_ind_1036_anc_2-1,0.003005,0.002860,0.000711,0.006138
Q_ind_1037_anc_2-1,0.000031,0.000000,0.000000,0.000338
Q_ind_1038_anc_2-1,0.000065,0.000000,0.000000,0.000714
Q_ind_1039_anc_2-1,0.002989,0.002836,0.000310,0.006569
Q_ind_1040_anc_2-1,0.466497,0.466637,0.440210,0.492582
Q_ind_1041_anc_2-1,0.000084,0.000000,0.000000,0.000837
Q_ind_1042_anc_2-1,0.007859,0.007682,0.003428,0.013334
Q_ind_1_anc_2-2,0.999959,0.999999,0.999629,1.000000
Q_ind_2_anc_2-2,0.999960,0.999999,0.999653,1.000000
Q_ind_3_anc_2-2,0.999939,0.999998,0.999450,1.000000
Q_ind_4_anc_2-2,0.994247,0.994354,0.990946,0.996915
Q_ind_5_anc_2-2,0.999948,0.999999,0.999534,1.000000
Q_ind_6_anc_2-2,0.999954,0.999999,0.999594,1.000000
Q_ind_7_anc_2-2,0.999953,0.999999,0.999569,1.000000
Q_ind_8_anc_2-2,0.996320,0.996439,0.993195,0.998736
Q_ind_9_anc_2-2,0.999955,0.999999,0.999568,1.000000
Q_ind_10_anc_2-2,0.999937,0.999998,0.999465,1.000000
Q_ind_11_anc_2-2,0.999690,0.999968,0.998107,1.000000
Q_ind_12_anc_2-2,0.999958,0.999999,0.999615,1.000000
Q_ind_13_anc_2-2,0.999951,0.999999,0.999553,1.000000
Q_ind_14_anc_2-2,0.999957,0.999999,0.999623,1.000000
Q_ind_15_anc_2-2,0.999962,0.999999,0.999651,1.000000
Q_ind_16_anc_2-2,0.999947,0.999999,0.999504,1.000000
Q_ind_17_anc_2-2,0.999960,0.999999,0.999653,1.000000
Q_ind_18_anc_2-2,0.999932,0.999998,0.999403,1.000000
Q_ind_19_anc_2-2,0.999940,0.999998,0.999477,1.000000
Q_ind_20_anc_2-2,0.999229,0.999481,0.997209,1.000000
Q_ind_21_anc_2-2,0.999937,0.999999,0.999445,1.000000
Q_ind_22_anc_2-2,0.999177,0.999562,0.996631,1.000000
Q_ind_23_anc_2-2,0.999962,0.999999,0.999668,1.000000
Q_ind_24_anc_2-2,0.999931,0.999998,0.999409,1.000000
Q_ind_25_anc_2-2,0.999956,0.999999,0.999598,1.000000
Q_ind_26_anc_2-2,0.999956,0.999999,0.999626,1.000000
Q_ind_27_anc_2-2,0.999936,0.999998,0.999452,1.000000
Q_ind_28_anc_2-2,0.997099,0.997214,0.992769,1.000000
Q_ind_29_anc_2-2,0.999948,0.999999,0.999529,1.000000
Q_ind_30_anc_2-2,0.999915,0.999998,0.999246,1.000000
Q_ind_31_anc_2-2,0.000019,0.000000,0.000000,0.000207
Q_ind_32_anc_2-2,0.000018,0.000000,0.000000,0.000191
Q_ind_33_anc_2-2,0.000036,0.000000,0.000000,0.000389
Q_ind_34_anc_2-2,0.000030,0.000000,0.000000,0.000328
Q_ind_35_anc_2-2,0.000021,0.000000,0.000000,0.000226
Q_ind_36_anc_2-2,0.000020,0.000000,0.000000,0.000214
Q_ind_37_anc_2-2,0.000034,0.000000,0.000000,0.000389
Q_ind_38_anc_2-2,0.000018,0.000000,0.000000,0.000189
Q_ind_39_anc_2-2,0.000023,0.000000,0.000000,0.000250
Q_ind_40_anc_2-2,0.000021,0.000000,0.000000,0.000224
Q_ind_41_anc_2-2,0.000030,0.000000,0.000000,0.000339
Q_ind_42_anc_2-2,0.000018,0.000000,0.000000,0.000193
Q_ind_43_anc_2-2,0.000019,0.000000,0.000000,0.000215
Q_ind_44_anc_2-2,0.000018,0.000000,0.000000,0.000203
Q_ind_45_anc_2-2,0.000021,0.000000,0.000000,0.000226
Q_ind_46_anc_2-2,0.000391,0.000265,0.000000,0.001491
Q_ind_47_anc_2-2,0.000022,0.000000,0.000000,0.000228
Q_ind_48_anc_2-2,0.000020,0.000000,0.000000,0.000228
Q_ind_49_anc_2-2,0.000024,0.000000,0.000000,0.000263
Q_ind_50_anc_2-2,0.000030,0.000000,0.000000,0.000323
Q_ind_51_anc_2-2,0.000033,0.000000,0.000000,0.000354
Q_ind_52_anc_2-2,0.000025,0.000000,0.000000,0.000264
Q_ind_53_anc_2-2,0.000019,0.000000,0.000000,0.000212
Q_ind_54_anc_2-2,0.000020,0.000000,0.000000,0.000225
Q_ind_55_anc_2-2,0.000035,0.000000,0.000000,0.000400
Q_ind_56_anc_2-2,0.000032,0.000000,0.000000,0.000321
Q_ind_57_anc_2-2,0.000034,0.000000,0.000000,0.000349
Q_ind_58_anc_2-2,0.000038,0.000000,0.000000,0.000413
Q_ind_59_anc_2-2,0.000022,0.000000,0.000000,0.000247
Q_ind_60_anc_2-2,0.000025,0.000000,0.000000,0.000279
Q_ind_61_anc_2-2,0.996680,0.996807,0.992940,0.999762
Q_ind_62_anc_2-2,0.999957,0.999999,0.999630,1.000000
Q_ind_63_anc_2-2,0.999957,0.999999,0.999629,1.000000
Q_ind_64_anc_2-2,0.999959,0.999999,0.999629,1.000000
Q_ind_65_anc_2-2,0.995902,0.996036,0.992767,0.998250
Q_ind_66_anc_2-2,0.999930,0.999998,0.999378,1.000000
Q_ind_67_anc_2-2,0.999281,0.999918,0.996009,1.000000
Q_ind_68_anc_2-2,0.999684,0.999985,0.997751,1.000000
Q_ind_69_anc_2-2,0.999945,0.999999,0.999510,1.000000
Q_ind_70_anc_2-2,0.999950,0.999999,0.999535,1.000000
Q_ind_71_anc_2-2,0.999940,0.999999,0.999484,1.000000
Q_ind_72_anc_2-2,0.999943,0.999998,0.999497,1.000000
Q_ind_73_anc_2-2,0.899832,0.900049,0.886436,0.912173
Q_ind_74_anc_2-2,0.993815,0.993979,0.989554,0.997276
Q_ind_75_anc_2-2,0.993959,0.994110,0.989129,0.998324
Q_ind_76_anc_2-2,0.977773,0.977952,0.969719,0.984818
Q_ind_77_anc_2-2,0.970485,0.970564,0.962487,0.977857
Q_ind_78_anc_2-2,0.989826,0.990070,0.983700,0.994873
Q_ind_79_anc_2-2,0.954574,0.954749,0.944682,0.963675
Q_ind_80_anc_2-2,0.938104,0.938227,0.928405,0.947107
Q_ind_81_anc_2-2,0.999888,0.999997,0.999054,1.000000
Q_ind_82_anc_2-2,0.999833,0.999994,0.998707,1.000000
Q_ind_83_anc_2-2,0.999945,0.999998,0.999498,1.000000
Q_ind_84_anc_2-2,0.996857,0.996965,0.993947,0.999223
Q_ind_85_anc_2-2,0.988049,0.988195,0.982665,0.992591
Q_ind_86_anc_2-2,0.994022,0.994138,0.990208,0.997138
Q_ind_87_anc_2-2,0.999589,0.999985,0.997033,1.000000
Q_ind_88_anc_2-2,0.992305,0.992478,0.987762,0.995918
Q_ind_89_anc_2-2,0.999921,0.999998,0.999296,1.000000
Q_ind_90_anc_2-2,0.999940,0.999998,0.999496,1.000000
Q_ind_91_anc_2-2,0.999808,0.999992,0.998564,1.000000
Q_ind_92_anc_2-2,0.999940,0.999999,0.999470,1.000000
Q_ind_93_anc_2-2,0.993209,0.993414,0.986567,0.998558
Q_ind_94_anc_2-2,0.993596,0.993818,0.988271,0.997624
Q_ind_95_anc_2-2,0.999889,0.999997,0.999063,1.000000
Q_ind_96_anc_2-2,0.978525,0.978810,0.969631,0.986070
Q_ind_97_anc_2-2,0.999486,0.999909,0.997321,1.000000
Q_ind_98_anc_2-2,0.997876,0.998116,0.993626,1.000000
Q_ind_99_anc_2-2,0.999820,0.999996,0.998403,1.000000
Q_ind_100_anc_2-2,0.999913,0.999998,0.999212,1.000000
Q_ind_101_anc_2-2,0.991074,0.991182,0.986727,0.994688
Q_ind_102_anc_2-2,0.999904,0.999998,0.999099,1.000000
Q_ind_103_anc_2-2,0.994089,0.994261,0.989053,0.998142
Q_ind_104_anc_2-2,0.999183,0.999914,0.995641,1.000000
Q_ind_105_anc_2-2,0.997671,0.997747,0.994077,1.000000
Q_ind_106_anc_2-2,0.986545,0.986674,0.980252,0.991943
Q_ind_107_anc_2-2,0.999577,0.999985,0.996904,1.000000
Q_ind_108_anc_2-2,0.991956,0.992154,0.986904,0.996257
Q_ind_109_anc_2-2,0.999962,0.999999,0.999661,1.000000
Q_ind_110_anc_2-2,0.992291,0.992391,0.988556,0.995368
Q_ind_111_anc_2-2,0.999960,0.999999,0.999640,1.000000
Q_ind_112_anc_2-2,0.999958,0.999999,0.999609,1.000000
Q_ind_113_anc_2-2,0.999864,0.999997,0.998791,1.000000
Q_ind_114_anc_2-2,0.996567,0.996707,0.993347,0.999089
Q_ind_115_anc_2-2,0.999940,0.999998,0.999465,1.000000
Q_ind_116_anc_2-2,0.999765,0.999953,0.998650,1.000000
Q_ind_117_anc_2-2,0.999960,0.999999,0.999635,1.000000
Q_ind_118_anc_2-2,0.988306,0.988407,0.983862,0.992177
Q_ind_119_anc_2-2,0.999937,0.999998,0.999443,1.000000
Q_ind_120_anc_2-2,0.999960,0.999999,0.999649,1.000000
Q_ind_121_anc_2-2,0.999927,0.999998,0.999358,1.000000
Q_ind_122_anc_2-2,0.999499,0.999970,0.996802,1.000000
Q_ind_123_anc_2-2,0.999924,0.999998,0.999339,1.000000
Q_ind_124_anc_2-2,0.999954,0.999999,0.999593,1.000000
Q_ind_125_anc_2-2,0.999957,0.999999,0.999617,1.000000
Q_ind_126_anc_2-2,0.999929,0.999998,0.999367,1.000000
Q_ind_127_anc_2-2,0.998957,0.999709,0.995173,1.000000
Q_ind_128_anc_2-2,0.999921,0.999998,0.999277,1.000000
Q_ind_129_anc_2-2,0.999960,0.999999,0.999649,1.000000
Q_ind_130_anc_2-2,0.999955,0.999999,0.999593,1.000000
Q_ind_131_anc_2-2,0.999946,0.999999,0.999532,1.000000
Q_ind_132_anc_2-2,0.999947,0.999999,0.999538,1.000000
Q_ind_133_anc_2-2,0.999952,0.999999,0.999562,1.000000
Q_ind_134_anc_2-2,0.999958,0.999999,0.999613,1.000000
Q_ind_135_anc_2-2,0.999788,0.999991,0.998423,1.000000
Q_ind_136_anc_2-2,0.994553,0.994751,0.989294,0.998855
Q_ind_137_anc_2-2,0.996903,0.997078,0.991616,1.000000
Q_ind_138_anc_2-2,0.999960,0.999999,0.999625,1.000000
Q_ind_139_anc_2-2,0.999960,0.999999,0.999643,1.000000
Q_ind_140_anc_2-2,0.999958,0.999999,0.999613,1.000000
Q_ind_141_anc_2-2,0.999960,0.999999,0.999653,1.000000
Q_ind_142_anc_2-2,0.999955,0.999999,0.999604,1.000000
Q_ind_143_anc_2-2,0.999961,0.999999,0.999651,1.000000
Q_ind_144_anc_2-2,0.999943,0.999998,0.999498,1.000000
Q_ind_145_anc_2-2,0.999958,0.999999,0.999623,1.000000
Q_ind_146_anc_2-2,0.999928,0.999998,0.999353,1.000000
Q_ind_147_anc_2-2,0.999903,0.999998,0.999144,1.000000
Q_ind_148_anc_2-2,0.999931,0.999999,0.999366,1.000000
Q_ind_149_anc_2-2,0.999927,0.999998,0.999363,1.000000
Q_ind_150_anc_2-2,0.999948,0.999999,0.999515,1.000000
Q_ind_151_anc_2-2,0.999796,0.999988,0.998578,1.000000
Q_ind_152_anc_2-2,0.999935,0.999999,0.999429,1.000000
Q_ind_153_anc_2-2,0.994762,0.994894,0.989547,0.999471
Q_ind_154_anc_2-2,0.999494,0.999975,0.996538,1.000000
Q_ind_155_anc_2-2,0.999600,0.999978,0.997302,1.000000
Q_ind_156_anc_2-2,0.995083,0.995225,0.991064,0.998226
Q_ind_157_anc_2-2,0.999527,0.999979,0.996921,1.000000
Q_ind_158_anc_2-2,0.998703,0.999118,0.995255,1.000000
Q_ind_159_anc_2-2,0.999944,0.999999,0.999511,1.000000
Q_ind_160_anc_2-2,0.999781,0.999994,0.998073,1.000000
Q_ind_161_anc_2-2,0.999955,0.999999,0.999601,1.000000
Q_ind_162_anc_2-2,0.995032,0.995185,0.991356,0.997874
Q_ind_163_anc_2-2,0.999786,0.999994,0.998142,1.000000
Q_ind_164_anc_2-2,0.999907,0.999997,0.999171,1.000000
Q_ind_165_anc_2-2,0.999950,0.999999,0.999569,1.000000
Q_ind_166_anc_2-2,0.999917,0.999998,0.999235,1.000000
Q_ind_167_anc_2-2,0.999937,0.999999,0.999438,1.000000
Q_ind_168_anc_2-2,0.993006,0.993127,0.989097,0.996201
Q_ind_169_anc_2-2,0.999848,0.999994,0.998776,1.000000
Q_ind_170_anc_2-2,0.999712,0.999981,0.998123,1.000000
Q_ind_171_anc_2-2,0.999846,0.999996,0.998639,1.000000
Q_ind_172_anc_2-2,0.996939,0.997067,0.993957,0.999133
Q_ind_173_anc_2-2,0.997155,0.997265,0.994590,0.999131
Q_ind_174_anc_2-2,0.999909,0.999997,0.999192,1.000000
Q_ind_175_anc_2-2,0.996259,0.996405,0.993049,0.998770
Q_ind_176_anc_2-2,0.999915,0.999996,0.999340,1.000000
Q_ind_177_anc_2-2,0.999904,0.999997,0.999180,1.000000
Q_ind_178_anc_2-2,0.997285,0.997493,0.992456,1.000000
Q_ind_179_anc_2-2,0.999952,0.999999,0.999552,1.000000
Q_ind_180_anc_2-2,0.010019,0.009829,0.005227,0.015767
Q_ind_181_anc_2-2,0.001104,0.000650,0.000000,0.004216
Q_ind_182_anc_2-2,0.005857,0.005700,0.001752,0.011026
Q_ind_183_anc_2-2,0.000099,0.000000,0.000000,0.001137
Q_ind_184_anc_2-2,0.982598,0.982782,0.976026,0.988382
Q_ind_185_anc_2-2,0.007831,0.007613,0.003129,0.013864
Q_ind_186_anc_2-2,0.254192,0.254422,0.236672,0.271659
Q_ind_187_anc_2-2,0.005900,0.005713,0.001922,0.010764
Q_ind_188_anc_2-2,0.000063,0.000000,0.000000,0.000729
Q_ind_189_anc_2-2,0.000048,0.000000,0.000000,0.000521
Q_ind_190_anc_2-2,0.000912,0.000007,0.000000,0.006042
Q_ind_191_anc_2-2,0.001620,0.001042,0.000000,0.006200
Q_ind_192_anc_2-2,0.057082,0.056983,0.046849,0.068233
Q_ind_193_anc_2-2,0.000235,0.000000,0.000000,0.002245
Q_ind_194_anc_2-2,0.005202,0.004965,0.001035,0.010633
Q_ind_195_anc_2-2,0.000393,0.000002,0.000000,0.002948
Q_ind_196_anc_2-2,0.001508,0.001137,0.000000,0.005393
Q_ind_197_anc_2-2,0.000574,0.000003,0.000000,0.004102
Q_ind_198_anc_2-2,0.329027,0.328920,0.309439,0.349021
Q_ind_199_anc_2-2,0.000231,0.000000,0.000000,0.002553
Q_ind_200_anc_2-2,0.510126,0.510016,0.491219,0.529021
Q_ind_201_anc_2-2,0.432727,0.432696,0.413273,0.452620
Q_ind_202_anc_2-2,0.000323,0.000000,0.000000,0.003128
Q_ind_203_anc_2-2,0.035719,0.035664,0.026815,0.045080
Q_ind_204_anc_2-2,0.055095,0.054996,0.044334,0.066595
Q_ind_205_anc_2-2,0.000103,0.000000,0.000000,0.001086
Q_ind_206_anc_2-2,0.000494,0.000001,0.000000,0.003846
Q_ind_207_anc_2-2,0.005538,0.005356,0.001555,0.010565
Q_ind_208_anc_2-2,0.005263,0.005051,0.001851,0.009800
Q_ind_209_anc_2-2,0.004672,0.004473,0.001007,0.009416
Q_ind_210_anc_2-2,0.995319,0.995349,0.990203,1.000000
Q_ind_211_anc_2-2,0.389728,0.389670,0.370547,0.409252
Q_ind_212_anc_2-2,0.000482,0.000000,0.000000,0.004501
Q_ind_213_anc_2-2,0.000150,0.000000,0.000000,0.001657
Q_ind_214_anc_2-2,0.593099,0.592940,0.569552,0.617138
Q_ind_215_anc_2-2,0.991529,0.991671,0.986393,0.995847
Q_ind_216_anc_2-2,0.000672,0.000005,0.000000,0.004582
Q_ind_217_anc_2-2,0.007933,0.007771,0.003130,0.013827
Q_ind_218_anc_2-2,0.409894,0.409917,0.390491,0.428967
Q_ind_219_anc_2-2,0.414984,0.414865,0.395589,0.434762
Q_ind_220_anc_2-2,0.000657,0.000003,0.000000,0.005038
Q_ind_221_anc_2-2,0.050474,0.050310,0.038065,0.064302
Q_ind_222_anc_2-2,0.031263,0.031144,0.022242,0.041237
Q_ind_223_anc_2-2,0.052274,0.052140,0.039381,0.065780
Q_ind_224_anc_2-2,0.012972,0.012817,0.007923,0.018781
Q_ind_225_anc_2-2,0.049781,0.049629,0.038818,0.061777
Q_ind_226_anc_2-2,0.021775,0.021548,0.014344,0.030399
Q_ind_227_anc_2-2,0.018485,0.018315,0.012346,0.025704
Q_ind_228_anc_2-2,0.013233,0.013037,0.007728,0.019854
Q_ind_229_anc_2-2,0.014244,0.014039,0.008846,0.020297
Q_ind_230_anc_2-2,0.032546,0.032397,0.023447,0.042344
Q_ind_231_anc_2-2,0.017702,0.017555,0.011599,0.024576
Q_ind_232_anc_2-2,0.009120,0.008877,0.004181,0.015157
Q_ind_233_anc_2-2,0.020086,0.019909,0.013319,0.027850
Q_ind_234_anc_2-2,0.017883,0.017690,0.012296,0.024416
Q_ind_235_anc_2-2,0.019060,0.018954,0.013078,0.025669
Q_ind_236_anc_2-2,0.015117,0.014968,0.009617,0.021361
Q_ind_237_anc_2-2,0.012430,0.012245,0.006917,0.018829
Q_ind_238_anc_2-2,0.000046,0.000000,0.000000,0.000497
Q_ind_239_anc_2-2,0.022250,0.022114,0.014616,0.030736
Q_ind_240_anc_2-2,0.015488,0.015320,0.009515,0.022322
Q_ind_241_anc_2-2,0.137237,0.137115,0.123440,0.151250
Q_ind_242_anc_2-2,0.011887,0.011723,0.006990,0.017655
Q_ind_243_anc_2-2,0.017064,0.016900,0.010997,0.024045
Q_ind_244_anc_2-2,0.028138,0.028057,0.020376,0.036466
Q_ind_245_anc_2-2,0.011736,0.011604,0.006837,0.017622
Q_ind_246_anc_2-2,0.023769,0.023513,0.015982,0.032280
Q_ind_247_anc_2-2,0.011504,0.011391,0.006612,0.017155
Q_ind_248_anc_2-2,0.011907,0.011744,0.006568,0.018312
Q_ind_249_anc_2-2,0.020136,0.019959,0.013839,0.027180
Q_ind_250_anc_2-2,0.025476,0.025329,0.018545,0.033028
Q_ind_251_anc_2-2,0.014978,0.014830,0.008864,0.021962
Q_ind_252_anc_2-2,0.011415,0.011287,0.006254,0.017579
Q_ind_253_anc_2-2,0.026825,0.026615,0.018564,0.036319
Q_ind_254_anc_2-2,0.011899,0.011736,0.006852,0.017896
Q_ind_255_anc_2-2,0.034929,0.034791,0.026393,0.044007
Q_ind_256_anc_2-2,0.014839,0.014715,0.009544,0.020972
Q_ind_257_anc_2-2,0.010000,0.009872,0.005286,0.015569
Q_ind_258_anc_2-2,0.017046,0.016904,0.011504,0.023535
Q_ind_259_anc_2-2,0.016702,0.016565,0.011244,0.022787
Q_ind_260_anc_2-2,0.014765,0.014520,0.008909,0.021442
Q_ind_261_anc_2-2,0.025899,0.025810,0.019089,0.033411
Q_ind_262_anc_2-2,0.031004,0.030899,0.021912,0.040711
Q_ind_263_anc_2-2,0.017283,0.017178,0.011338,0.024036
Q_ind_264_anc_2-2,0.023591,0.023394,0.016243,0.032111
Q_ind_265_anc_2-2,0.025727,0.025595,0.018540,0.033625
Q_ind_266_anc_2-2,0.020124,0.019990,0.014025,0.026787
Q_ind_267_anc_2-2,0.010867,0.010712,0.006023,0.016661
Q_ind_268_anc_2-2,0.009950,0.009790,0.004830,0.015824
Q_ind_269_anc_2-2,0.015383,0.015231,0.009784,0.021765
Q_ind_270_anc_2-2,0.025877,0.025708,0.017026,0.035780
Q_ind_271_anc_2-2,0.019165,0.019052,0.012909,0.026251
Q_ind_272_anc_2-2,0.019791,0.019640,0.013777,0.026445
Q_ind_273_anc_2-2,0.011344,0.011243,0.006236,0.017037
Q_ind_274_anc_2-2,0.018068,0.017896,0.011616,0.025339
Q_ind_275_anc_2-2,0.014666,0.014484,0.008570,0.021582
Q_ind_276_anc_2-2,0.022664,0.022542,0.016082,0.030026
Q_ind_277_anc_2-2,0.574097,0.574179,0.555016,0.593338
Q_ind_278_anc_2-2,0.001348,0.000016,0.000000,0.008075
Q_ind_279_anc_2-2,0.008080,0.007869,0.003226,0.014056
Q_ind_280_anc_2-2,0.000021,0.000000,0.000000,0.000231
Q_ind_281_anc_2-2,0.013020,0.012867,0.006847,0.020506
Q_ind_282_anc_2-2,0.000057,0.000000,0.000000,0.000616
Q_ind_283_anc_2-2,0.000021,0.000000,0.000000,0.000226
Q_ind_284_anc_2-2,0.000061,0.000000,0.000000,0.000715
Q_ind_285_anc_2-2,0.000870,0.000004,0.000000,0.006101
Q_ind_286_anc_2-2,0.004195,0.004085,0.000000,0.010094
Q_ind_287_anc_2-2,0.019351,0.019250,0.012308,0.027379
Q_ind_288_anc_2-2,0.000224,0.000000,0.000000,0.002258
Q_ind_289_anc_2-2,0.014613,0.014484,0.008561,0.021439
Q_ind_290_anc_2-2,0.999890,0.999998,0.999025,1.000000
Q_ind_291_anc_2-2,0.004147,0.004112,0.000000,0.009857
Q_ind_292_anc_2-2,0.004739,0.004553,0.000014,0.010168
Q_ind_293_anc_2-2,0.010629,0.010489,0.004683,0.017688
Q_ind_294_anc_2-2,0.000090,0.000000,0.000000,0.000790
Q_ind_295_anc_2-2,0.000242,0.000000,0.000000,0.002560
Q_ind_296_anc_2-2,0.000035,0.000000,0.000000,0.000355
Q_ind_297_anc_2-2,0.407848,0.407677,0.387966,0.427222
Q_ind_298_anc_2-2,0.003823,0.003156,0.000000,0.012679
Q_ind_299_anc_2-2,0.999923,0.999998,0.999329,1.000000
Q_ind_300_anc_2-2,0.999882,0.999997,0.998986,1.000000
Q_ind_301_anc_2-2,0.999935,0.999998,0.999427,1.000000
Q_ind_302_anc_2-2,0.999908,0.999998,0.999169,1.000000
Q_ind_303_anc_2-2,0.999918,0.999998,0.999259,1.000000
Q_ind_304_anc_2-2,0.999929,0.999998,0.999363,1.000000
Q_ind_305_anc_2-2,0.999919,0.999998,0.999278,1.000000
Q_ind_306_anc_2-2,0.999928,0.999998,0.999368,1.000000
Q_ind_307_anc_2-2,0.999919,0.999998,0.999292,1.000000
Q_ind_308_anc_2-2,0.005864,0.005545,0.001484,0.011842
Q_ind_309_anc_2-2,0.000026,0.000000,0.000000,0.000289
Q_ind_310_anc_2-2,0.000104,0.000000,0.000000,0.001197
Q_ind_311_anc_2-2,0.000118,0.000000,0.000000,0.001340
Q_ind_312_anc_2-2,0.999935,0.999998,0.999421,1.000000
Q_ind_313_anc_2-2,0.999903,0.999998,0.999112,1.000000
Q_ind_314_anc_2-2,0.000029,0.000000,0.000000,0.000290
Q_ind_315_anc_2-2,0.011913,0.011749,0.006483,0.018179
Q_ind_316_anc_2-2,0.006489,0.006300,0.002447,0.011615
Q_ind_317_anc_2-2,0.017970,0.017857,0.011397,0.025416
Q_ind_318_anc_2-2,0.020979,0.020850,0.014922,0.027994
Q_ind_319_anc_2-2,0.039945,0.039768,0.032240,0.048336
Q_ind_320_anc_2-2,0.000474,0.000010,0.000000,0.002742
Q_ind_321_anc_2-2,0.030176,0.030026,0.020555,0.040789
Q_ind_322_anc_2-2,0.000020,0.000000,0.000000,0.000224
Q_ind_323_anc_2-2,0.000023,0.000000,0.000000,0.000255
Q_ind_324_anc_2-2,0.000033,0.000000,0.000000,0.000366
Q_ind_325_anc_2-2,0.000023,0.000000,0.000000,0.000251
Q_ind_326_anc_2-2,0.000034,0.000000,0.000000,0.000370
Q_ind_327_anc_2-2,0.000022,0.000000,0.000000,0.000246
Q_ind_328_anc_2-2,0.000024,0.000000,0.000000,0.000273
Q_ind_329_anc_2-2,0.000026,0.000000,0.000000,0.000294
Q_ind_330_anc_2-2,0.000020,0.000000,0.000000,0.000212
Q_ind_331_anc_2-2,0.000018,0.000000,0.000000,0.000194
Q_ind_332_anc_2-2,0.013063,0.012905,0.007395,0.019865
Q_ind_333_anc_2-2,0.000348,0.000114,0.000000,0.001878
Q_ind_334_anc_2-2,0.010141,0.009971,0.005425,0.015773
Q_ind_335_anc_2-2,0.014217,0.014052,0.008212,0.021188
Q_ind_336_anc_2-2,0.999385,0.999891,0.996853,1.000000
Q_ind_337_anc_2-2,0.033614,0.033434,0.024395,0.043599
Q_ind_338_anc_2-2,0.015479,0.015283,0.009498,0.022416
Q_ind_339_anc_2-2,0.000030,0.000000,0.000000,0.000326
Q_ind_340_anc_2-2,0.000052,0.000000,0.000000,0.000559
Q_ind_341_anc_2-2,0.063293,0.063017,0.049144,0.078488
Q_ind_342_anc_2-2,0.377018,0.377119,0.359318,0.394403
Q_ind_343_anc_2-2,0.999953,0.999999,0.999592,1.000000
Q_ind_344_anc_2-2,0.516871,0.517010,0.499024,0.534249
Q_ind_345_anc_2-2,0.000173,0.000000,0.000000,0.001404
Q_ind_346_anc_2-2,0.001636,0.001494,0.000248,0.003881
Q_ind_347_anc_2-2,0.000022,0.000000,0.000000,0.000250
Q_ind_348_anc_2-2,0.000222,0.000000,0.000000,0.002136
Q_ind_349_anc_2-2,0.011708,0.011519,0.006684,0.017657
Q_ind_350_anc_2-2,0.038525,0.038462,0.030239,0.047231
Q_ind_351_anc_2-2,0.000018,0.000000,0.000000,0.000207
Q_ind_352_anc_2-2,0.008686,0.008479,0.004152,0.014200
Q_ind_353_anc_2-2,0.000029,0.000000,0.000000,0.000331
Q_ind_354_anc_2-2,0.013964,0.013796,0.008709,0.020017
Q_ind_355_anc_2-2,0.435742,0.435730,0.415898,0.456103
Q_ind_356_anc_2-2,0.031607,0.031487,0.024757,0.039161
Q_ind_357_anc_2-2,0.018488,0.018337,0.012473,0.025387
Q_ind_358_anc_2-2,0.000031,0.000000,0.000000,0.000345
Q_ind_359_anc_2-2,0.000027,0.000000,0.000000,0.000289
Q_ind_360_anc_2-2,0.037169,0.036997,0.028709,0.046373
Q_ind_361_anc_2-2,0.021831,0.021693,0.015207,0.029571
Q_ind_362_anc_2-2,0.021010,0.020929,0.014726,0.027801
Q_ind_363_anc_2-2,0.023994,0.023869,0.016407,0.032595
Q_ind_364_anc_2-2,0.000030,0.000000,0.000000,0.000324
Q_ind_365_anc_2-2,0.480724,0.480711,0.461660,0.499055
Q_ind_366_anc_2-2,0.097590,0.097477,0.086784,0.109198
Q_ind_367_anc_2-2,0.036969,0.036737,0.028333,0.046306
Q_ind_368_anc_2-2,0.000027,0.000000,0.000000,0.000278
Q_ind_369_anc_2-2,0.000377,0.000120,0.000000,0.001921
Q_ind_370_anc_2-2,0.000033,0.000000,0.000000,0.000359
Q_ind_371_anc_2-2,0.000042,0.000000,0.000000,0.000455
Q_ind_372_anc_2-2,0.000036,0.000000,0.000000,0.000402
Q_ind_373_anc_2-2,0.000027,0.000000,0.000000,0.000299
Q_ind_374_anc_2-2,0.026430,0.026294,0.019448,0.034382
Q_ind_375_anc_2-2,0.000022,0.000000,0.000000,0.000231
Q_ind_376_anc_2-2,0.000044,0.000000,0.000000,0.000497
Q_ind_377_anc_2-2,0.018337,0.018177,0.012139,0.025431
Q_ind_378_anc_2-2,0.000059,0.000000,0.000000,0.000662
Q_ind_379_anc_2-2,0.013506,0.013359,0.007463,0.020336
Q_ind_380_anc_2-2,0.044484,0.044327,0.035135,0.055282
Q_ind_381_anc_2-2,0.000061,0.000000,0.000000,0.000633
Q_ind_382_anc_2-2,0.000021,0.000000,0.000000,0.000222
Q_ind_383_anc_2-2,0.000111,0.000000,0.000000,0.001028
Q_ind_384_anc_2-2,0.000062,0.000000,0.000000,0.000690
Q_ind_385_anc_2-2,0.014616,0.014452,0.008610,0.021638
Q_ind_386_anc_2-2,0.089662,0.089565,0.078034,0.101941
Q_ind_387_anc_2-2,0.018717,0.018584,0.012555,0.025702
Q_ind_388_anc_2-2,0.018393,0.018286,0.012658,0.024764
Q_ind_389_anc_2-2,0.027722,0.027584,0.020953,0.035196
Q_ind_390_anc_2-2,0.014842,0.014690,0.009088,0.021580
Q_ind_391_anc_2-2,0.014015,0.013864,0.008802,0.020042
Q_ind_392_anc_2-2,0.017342,0.017233,0.010974,0.024569
Q_ind_393_anc_2-2,0.026243,0.026117,0.019811,0.033535
Q_ind_394_anc_2-2,0.015323,0.015174,0.009501,0.022012
Q_ind_395_anc_2-2,0.020200,0.019954,0.012775,0.028768
Q_ind_396_anc_2-2,0.062251,0.062189,0.052807,0.072276
Q_ind_397_anc_2-2,0.063629,0.063542,0.053800,0.073926
Q_ind_398_anc_2-2,0.000318,0.000189,0.000000,0.001366
Q_ind_399_anc_2-2,0.001227,0.000682,0.000000,0.004988
Q_ind_400_anc_2-2,0.000044,0.000000,0.000000,0.000478
Q_ind_401_anc_2-2,0.000203,0.000025,0.000000,0.001229
Q_ind_402_anc_2-2,0.000027,0.000000,0.000000,0.000282
Q_ind_403_anc_2-2,0.000024,0.000000,0.000000,0.000258
Q_ind_404_anc_2-2,0.002571,0.002448,0.000209,0.005491
Q_ind_405_anc_2-2,0.000613,0.000208,0.000000,0.002949
Q_ind_406_anc_2-2,0.000024,0.000000,0.000000,0.000273
Q_ind_407_anc_2-2,0.002943,0.002840,0.000604,0.005850
Q_ind_408_anc_2-2,0.000022,0.000000,0.000000,0.000239
Q_ind_409_anc_2-2,0.001223,0.001022,0.000000,0.003578
Q_ind_410_anc_2-2,0.000048,0.000000,0.000000,0.000558
Q_ind_411_anc_2-2,0.000019,0.000000,0.000000,0.000202
Q_ind_412_anc_2-2,0.460732,0.460691,0.442055,0.479513
Q_ind_413_anc_2-2,0.006248,0.006074,0.002985,0.010465
Q_ind_414_anc_2-2,0.000019,0.000000,0.000000,0.000205
Q_ind_415_anc_2-2,0.000028,0.000000,0.000000,0.000309
Q_ind_416_anc_2-2,0.000019,0.000000,0.000000,0.000212
Q_ind_417_anc_2-2,0.000038,0.000000,0.000000,0.000430
Q_ind_418_anc_2-2,0.001517,0.001329,0.000038,0.003970
Q_ind_419_anc_2-2,0.152841,0.152689,0.138058,0.168299
Q_ind_420_anc_2-2,0.000138,0.000000,0.000000,0.001267
Q_ind_421_anc_2-2,0.000067,0.000000,0.000000,0.000699
Q_ind_422_anc_2-2,0.000450,0.000000,0.000000,0.003743
Q_ind_423_anc_2-2,0.000049,0.000000,0.000000,0.000540
Q_ind_424_anc_2-2,0.000042,0.000000,0.000000,0.000475
Q_ind_425_anc_2-2,0.531786,0.531898,0.513014,0.550311
Q_ind_426_anc_2-2,0.001337,0.001059,0.000000,0.004517
Q_ind_427_anc_2-2,0.023198,0.023046,0.016249,0.030830
Q_ind_428_anc_2-2,0.000027,0.000000,0.000000,0.000290
Q_ind_429_anc_2-2,0.000024,0.000000,0.000000,0.000258
Q_ind_430_anc_2-2,0.000888,0.000664,0.000000,0.003119
Q_ind_431_anc_2-2,0.000021,0.000000,0.000000,0.000242
Q_ind_432_anc_2-2,0.000031,0.000000,0.000000,0.000335
Q_ind_433_anc_2-2,0.000020,0.000000,0.000000,0.000202
Q_ind_434_anc_2-2,0.000028,0.000000,0.000000,0.000304
Q_ind_435_anc_2-2,0.000031,0.000000,0.000000,0.000329
Q_ind_436_anc_2-2,0.001490,0.001272,0.000000,0.004549
Q_ind_437_anc_2-2,0.013093,0.012952,0.007880,0.019159
Q_ind_438_anc_2-2,0.000022,0.000000,0.000000,0.000232
Q_ind_439_anc_2-2,0.000021,0.000000,0.000000,0.000220
Q_ind_440_anc_2-2,0.005867,0.005724,0.002979,0.009374
Q_ind_441_anc_2-2,0.000026,0.000000,0.000000,0.000287
Q_ind_442_anc_2-2,0.000020,0.000000,0.000000,0.000205
Q_ind_443_anc_2-2,0.019180,0.019029,0.012536,0.026384
Q_ind_444_anc_2-2,0.004021,0.003879,0.001610,0.007122
Q_ind_445_anc_2-2,0.000023,0.000000,0.000000,0.000244
Q_ind_446_anc_2-2,0.001779,0.001644,0.000048,0.004213
Q_ind_447_anc_2-2,0.160776,0.160671,0.147238,0.174583
Q_ind_448_anc_2-2,0.000020,0.000000,0.000000,0.000229
Q_ind_449_anc_2-2,0.000020,0.000000,0.000000,0.000218
Q_ind_450_anc_2-2,0.000023,0.000000,0.000000,0.000254
Q_ind_451_anc_2-2,0.000025,0.000000,0.000000,0.000287
Q_ind_452_anc_2-2,0.000023,0.000000,0.000000,0.000238
Q_ind_453_anc_2-2,0.000903,0.000008,0.000000,0.005691
Q_ind_454_anc_2-2,0.015460,0.015283,0.009439,0.022324
Q_ind_455_anc_2-2,0.000023,0.000000,0.000000,0.000252
Q_ind_456_anc_2-2,0.000018,0.000000,0.000000,0.000191
Q_ind_457_anc_2-2,0.000023,0.000000,0.000000,0.000254
Q_ind_458_anc_2-2,0.000023,0.000000,0.000000,0.000255
Q_ind_459_anc_2-2,0.000020,0.000000,0.000000,0.000223
Q_ind_460_anc_2-2,0.014933,0.014798,0.009422,0.021290
Q_ind_461_anc_2-2,0.000020,0.000000,0.000000,0.000209
Q_ind_462_anc_2-2,0.000023,0.000000,0.000000,0.000271
Q_ind_463_anc_2-2,0.000026,0.000000,0.000000,0.000278
Q_ind_464_anc_2-2,0.000039,0.000000,0.000000,0.000421
Q_ind_465_anc_2-2,0.001818,0.001681,0.000206,0.004193
Q_ind_466_anc_2-2,0.000027,0.000000,0.000000,0.000279
Q_ind_467_anc_2-2,0.000020,0.000000,0.000000,0.000213
Q_ind_468_anc_2-2,0.000045,0.000000,0.000000,0.000512
Q_ind_469_anc_2-2,0.001441,0.001328,0.000000,0.003569
Q_ind_470_anc_2-2,0.000031,0.000000,0.000000,0.000345
Q_ind_471_anc_2-2,0.111820,0.111770,0.098863,0.124846
Q_ind_472_anc_2-2,0.000022,0.000000,0.000000,0.000240
Q_ind_473_anc_2-2,0.000100,0.000000,0.000000,0.000975
Q_ind_474_anc_2-2,0.000634,0.000015,0.000000,0.003801
Q_ind_475_anc_2-2,0.113885,0.113746,0.100508,0.127666
Q_ind_476_anc_2-2,0.000022,0.000000,0.000000,0.000241
Q_ind_477_anc_2-2,0.000078,0.000000,0.000000,0.000823
Q_ind_478_anc_2-2,0.017057,0.016783,0.008596,0.027031
Q_ind_479_anc_2-2,0.000030,0.000000,0.000000,0.000319
Q_ind_480_anc_2-2,0.001282,0.001148,0.000000,0.003605
Q_ind_481_anc_2-2,0.002180,0.002029,0.000214,0.004901
Q_ind_482_anc_2-2,0.000020,0.000000,0.000000,0.000208
Q_ind_483_anc_2-2,0.115391,0.115297,0.098999,0.132687
Q_ind_484_anc_2-2,0.000028,0.000000,0.000000,0.000285
Q_ind_485_anc_2-2,0.000019,0.000000,0.000000,0.000204
Q_ind_486_anc_2-2,0.000042,0.000000,0.000000,0.000448
Q_ind_487_anc_2-2,0.000040,0.000000,0.000000,0.000453
Q_ind_488_anc_2-2,0.000079,0.000000,0.000000,0.000907
Q_ind_489_anc_2-2,0.019680,0.019491,0.012841,0.027356
Q_ind_490_anc_2-2,0.000020,0.000000,0.000000,0.000227
Q_ind_491_anc_2-2,0.001712,0.001596,0.000000,0.004554
Q_ind_492_anc_2-2,0.000022,0.000000,0.000000,0.000244
Q_ind_493_anc_2-2,0.000030,0.000000,0.000000,0.000339
Q_ind_494_anc_2-2,0.000173,0.000000,0.000000,0.001665
Q_ind_495_anc_2-2,0.012402,0.012271,0.006562,0.019214
Q_ind_496_anc_2-2,0.000036,0.000000,0.000000,0.000394
Q_ind_497_anc_2-2,0.000031,0.000000,0.000000,0.000356
Q_ind_498_anc_2-2,0.000027,0.000000,0.000000,0.000282
Q_ind_499_anc_2-2,0.009370,0.009212,0.004757,0.014867
Q_ind_500_anc_2-2,0.016478,0.016305,0.011001,0.023076
Q_ind_501_anc_2-2,0.020640,0.020519,0.014308,0.027815
Q_ind_502_anc_2-2,0.022155,0.022046,0.015972,0.029316
Q_ind_503_anc_2-2,0.000027,0.000000,0.000000,0.000304
Q_ind_504_anc_2-2,0.000019,0.000000,0.000000,0.000228
Q_ind_505_anc_2-2,0.000020,0.000000,0.000000,0.000218
Q_ind_506_anc_2-2,0.000022,0.000000,0.000000,0.000246
Q_ind_507_anc_2-2,0.000063,0.000000,0.000000,0.000658
Q_ind_508_anc_2-2,0.000053,0.000000,0.000000,0.000548
Q_ind_509_anc_2-2,0.000022,0.000000,0.000000,0.000233
Q_ind_510_anc_2-2,0.000024,0.000000,0.000000,0.000255
Q_ind_511_anc_2-2,0.000045,0.000000,0.000000,0.000503
Q_ind_512_anc_2-2,0.000269,0.000003,0.000000,0.001757
Q_ind_513_anc_2-2,0.000098,0.000000,0.000000,0.001071
Q_ind_514_anc_2-2,0.000031,0.000000,0.000000,0.000340
Q_ind_515_anc_2-2,0.000043,0.000000,0.000000,0.000459
Q_ind_516_anc_2-2,0.002333,0.002190,0.000193,0.005242
Q_ind_517_anc_2-2,0.000021,0.000000,0.000000,0.000237
Q_ind_518_anc_2-2,0.000032,0.000000,0.000000,0.000337
Q_ind_519_anc_2-2,0.000022,0.000000,0.000000,0.000221
Q_ind_520_anc_2-2,0.000058,0.000000,0.000000,0.000631
Q_ind_521_anc_2-2,0.000033,0.000000,0.000000,0.000381
Q_ind_522_anc_2-2,0.000031,0.000000,0.000000,0.000342
Q_ind_523_anc_2-2,0.000041,0.000000,0.000000,0.000471
Q_ind_524_anc_2-2,0.000021,0.000000,0.000000,0.000231
Q_ind_525_anc_2-2,0.000020,0.000000,0.000000,0.000215
Q_ind_526_anc_2-2,0.000032,0.000000,0.000000,0.000340
Q_ind_527_anc_2-2,0.000024,0.000000,0.000000,0.000265
Q_ind_528_anc_2-2,0.000029,0.000000,0.000000,0.000340
Q_ind_529_anc_2-2,0.000710,0.000443,0.000000,0.002984
Q_ind_530_anc_2-2,0.000027,0.000000,0.000000,0.000265
Q_ind_531_anc_2-2,0.000022,0.000000,0.000000,0.000244
Q_ind_532_anc_2-2,0.000023,0.000000,0.000000,0.000254
Q_ind_533_anc_2-2,0.004144,0.003905,0.001024,0.008426
Q_ind_534_anc_2-2,0.000026,0.000000,0.000000,0.000295
Q_ind_535_anc_2-2,0.022614,0.022531,0.015864,0.030014
Q_ind_536_anc_2-2,0.000022,0.000000,0.000000,0.000240
Q_ind_537_anc_2-2,0.000622,0.000490,0.000000,0.002059
Q_ind_538_anc_2-2,0.000048,0.000000,0.000000,0.000514
Q_ind_539_anc_2-2,0.016785,0.016655,0.010071,0.024653
Q_ind_540_anc_2-2,0.000025,0.000000,0.000000,0.000258
Q_ind_541_anc_2-2,0.001280,0.001087,0.000000,0.003784
Q_ind_542_anc_2-2,0.000022,0.000000,0.000000,0.000230
Q_ind_543_anc_2-2,0.000135,0.000000,0.000000,0.001447
Q_ind_544_anc_2-2,0.016773,0.016617,0.010586,0.024154
Q_ind_545_anc_2-2,0.000038,0.000000,0.000000,0.000414
Q_ind_546_anc_2-2,0.000031,0.000000,0.000000,0.000351
Q_ind_547_anc_2-2,0.000781,0.000016,0.000000,0.004722
Q_ind_548_anc_2-2,0.000036,0.000000,0.000000,0.000416
Q_ind_549_anc_2-2,0.006019,0.005800,0.001405,0.011667
Q_ind_550_anc_2-2,0.020105,0.019993,0.013461,0.027608
Q_ind_551_anc_2-2,0.000450,0.000062,0.000000,0.002224
Q_ind_552_anc_2-2,0.002369,0.002231,0.000525,0.004864
Q_ind_553_anc_2-2,0.000023,0.000000,0.000000,0.000254
Q_ind_554_anc_2-2,0.000029,0.000000,0.000000,0.000314
Q_ind_555_anc_2-2,0.000018,0.000000,0.000000,0.000194
Q_ind_556_anc_2-2,0.013515,0.013416,0.007640,0.020555
Q_ind_557_anc_2-2,0.000023,0.000000,0.000000,0.000252
Q_ind_558_anc_2-2,0.000021,0.000000,0.000000,0.000218
Q_ind_559_anc_2-2,0.000021,0.000000,0.000000,0.000228
Q_ind_560_anc_2-2,0.000063,0.000000,0.000000,0.000639
Q_ind_561_anc_2-2,0.000040,0.000000,0.000000,0.000448
Q_ind_562_anc_2-2,0.000025,0.000000,0.000000,0.000272
Q_ind_563_anc_2-2,0.000035,0.000000,0.000000,0.000365
Q_ind_564_anc_2-2,0.000020,0.000000,0.000000,0.000210
Q_ind_565_anc_2-2,0.000034,0.000000,0.000000,0.000375
Q_ind_566_anc_2-2,0.000019,0.000000,0.000000,0.000204
Q_ind_567_anc_2-2,0.000038,0.000000,0.000000,0.000409
Q_ind_568_anc_2-2,0.000019,0.000000,0.000000,0.000218
Q_ind_569_anc_2-2,0.000024,0.000000,0.000000,0.000257
Q_ind_570_anc_2-2,0.000021,0.000000,0.000000,0.000231
Q_ind_571_anc_2-2,0.009452,0.009274,0.005850,0.013857
Q_ind_572_anc_2-2,0.084924,0.084803,0.073844,0.096343
Q_ind_573_anc_2-2,0.000157,0.000000,0.000000,0.001525
Q_ind_574_anc_2-2,0.000020,0.000000,0.000000,0.000212
Q_ind_575_anc_2-2,0.022333,0.022242,0.016988,0.028260
Q_ind_576_anc_2-2,0.000030,0.000000,0.000000,0.000350
Q_ind_577_anc_2-2,0.000022,0.000000,0.000000,0.000254
Q_ind_578_anc_2-2,0.000024,0.000000,0.000000,0.000242
Q_ind_579_anc_2-2,0.006162,0.005905,0.001646,0.012007
Q_ind_580_anc_2-2,0.000419,0.000002,0.000000,0.003010
Q_ind_581_anc_2-2,0.011120,0.010955,0.005531,0.017782
Q_ind_582_anc_2-2,0.012270,0.012097,0.007081,0.018364
Q_ind_583_anc_2-2,0.010617,0.010456,0.005236,0.017082
Q_ind_584_anc_2-2,0.008721,0.008553,0.003866,0.014651
Q_ind_585_anc_2-2,0.000021,0.000000,0.000000,0.000215
Q_ind_586_anc_2-2,0.000022,0.000000,0.000000,0.000237
Q_ind_587_anc_2-2,0.000035,0.000000,0.000000,0.000380
Q_ind_588_anc_2-2,0.023635,0.023434,0.015814,0.032522
Q_ind_589_anc_2-2,0.000047,0.000000,0.000000,0.000486
Q_ind_590_anc_2-2,0.999862,0.999995,0.998807,1.000000
Q_ind_591_anc_2-2,0.000032,0.000000,0.000000,0.000365
Q_ind_592_anc_2-2,0.000633,0.000041,0.000000,0.003269
Q_ind_593_anc_2-2,0.000041,0.000000,0.000000,0.000470
Q_ind_594_anc_2-2,0.000022,0.000000,0.000000,0.000239
Q_ind_595_anc_2-2,0.000021,0.000000,0.000000,0.000233
Q_ind_596_anc_2-2,0.000027,0.000000,0.000000,0.000292
Q_ind_597_anc_2-2,0.000028,0.000000,0.000000,0.000286
Q_ind_598_anc_2-2,0.000075,0.000000,0.000000,0.000821
Q_ind_599_anc_2-2,0.000024,0.000000,0.000000,0.000236
Q_ind_600_anc_2-2,0.000020,0.000000,0.000000,0.000213
Q_ind_601_anc_2-2,0.000058,0.000000,0.000000,0.000649
Q_ind_602_anc_2-2,0.000377,0.000127,0.000000,0.001768
Q_ind_603_anc_2-2,0.000019,0.000000,0.000000,0.000217
Q_ind_604_anc_2-2,0.000021,0.000000,0.000000,0.000221
Q_ind_605_anc_2-2,0.000023,0.000000,0.000000,0.000249
Q_ind_606_anc_2-2,0.000945,0.000827,0.000031,0.002515
Q_ind_607_anc_2-2,0.000020,0.000000,0.000000,0.000218
Q_ind_608_anc_2-2,0.000020,0.000000,0.000000,0.000210
Q_ind_609_anc_2-2,0.000021,0.000000,0.000000,0.000212
Q_ind_610_anc_2-2,0.000020,0.000000,0.000000,0.000213
Q_ind_611_anc_2-2,0.000019,0.000000,0.000000,0.000207
Q_ind_612_anc_2-2,0.000032,0.000000,0.000000,0.000345
Q_ind_613_anc_2-2,0.000020,0.000000,0.000000,0.000201
Q_ind_614_anc_2-2,0.000021,0.000000,0.000000,0.000219
Q_ind_615_anc_2-2,0.000019,0.000000,0.000000,0.000209
Q_ind_616_anc_2-2,0.000018,0.000000,0.000000,0.000199
Q_ind_617_anc_2-2,0.002040,0.001926,0.000000,0.005073
Q_ind_618_anc_2-2,0.000029,0.000000,0.000000,0.000342
Q_ind_619_anc_2-2,0.000024,0.000000,0.000000,0.000250
Q_ind_620_anc_2-2,0.000023,0.000000,0.000000,0.000246
Q_ind_621_anc_2-2,0.000054,0.000000,0.000000,0.000523
Q_ind_622_anc_2-2,0.000037,0.000000,0.000000,0.000400
Q_ind_623_anc_2-2,0.000020,0.000000,0.000000,0.000229
Q_ind_624_anc_2-2,0.000022,0.000000,0.000000,0.000260
Q_ind_625_anc_2-2,0.000020,0.000000,0.000000,0.000215
Q_ind_626_anc_2-2,0.000022,0.000000,0.000000,0.000250
Q_ind_627_anc_2-2,0.000024,0.000000,0.000000,0.000244
Q_ind_628_anc_2-2,0.001061,0.000922,0.000000,0.003008
Q_ind_629_anc_2-2,0.000020,0.000000,0.000000,0.000225
Q_ind_630_anc_2-2,0.000021,0.000000,0.000000,0.000227
Q_ind_631_anc_2-2,0.000017,0.000000,0.000000,0.000189
Q_ind_632_anc_2-2,0.000055,0.000000,0.000000,0.000634
Q_ind_633_anc_2-2,0.000018,0.000000,0.000000,0.000199
Q_ind_634_anc_2-2,0.000019,0.000000,0.000000,0.000210
Q_ind_635_anc_2-2,0.000031,0.000000,0.000000,0.000307
Q_ind_636_anc_2-2,0.000024,0.000000,0.000000,0.000248
Q_ind_637_anc_2-2,0.000021,0.000000,0.000000,0.000251
Q_ind_638_anc_2-2,0.000023,0.000000,0.000000,0.000249
Q_ind_639_anc_2-2,0.000021,0.000000,0.000000,0.000220
Q_ind_640_anc_2-2,0.000027,0.000000,0.000000,0.000288
Q_ind_641_anc_2-2,0.000019,0.000000,0.000000,0.000211
Q_ind_642_anc_2-2,0.009806,0.009660,0.006165,0.014150
Q_ind_643_anc_2-2,0.000018,0.000000,0.000000,0.000199
Q_ind_644_anc_2-2,0.001511,0.001335,0.000000,0.004291
Q_ind_645_anc_2-2,0.000981,0.000774,0.000000,0.003278
Q_ind_646_anc_2-2,0.000024,0.000000,0.000000,0.000275
Q_ind_647_anc_2-2,0.005408,0.005248,0.002625,0.009088
Q_ind_648_anc_2-2,0.000057,0.000000,0.000000,0.000637
Q_ind_649_anc_2-2,0.000077,0.000000,0.000000,0.000753
Q_ind_650_anc_2-2,0.000024,0.000000,0.000000,0.000259
Q_ind_651_anc_2-2,0.000103,0.000000,0.000000,0.000876
Q_ind_652_anc_2-2,0.000035,0.000000,0.000000,0.000388
Q_ind_653_anc_2-2,0.000021,0.000000,0.000000,0.000231
Q_ind_654_anc_2-2,0.000039,0.000000,0.000000,0.000426
Q_ind_655_anc_2-2,0.000227,0.000000,0.000000,0.001849
Q_ind_656_anc_2-2,0.000026,0.000000,0.000000,0.000285
Q_ind_657_anc_2-2,0.000251,0.000005,0.000000,0.001510
Q_ind_658_anc_2-2,0.000023,0.000000,0.000000,0.000257
Q_ind_659_anc_2-2,0.000018,0.000000,0.000000,0.000196
Q_ind_660_anc_2-2,0.000020,0.000000,0.000000,0.000217
Q_ind_661_anc_2-2,0.000019,0.000000,0.000000,0.000209
Q_ind_662_anc_2-2,0.001855,0.001747,0.000000,0.004555
Q_ind_663_anc_2-2,0.000019,0.000000,0.000000,0.000213
Q_ind_664_anc_2-2,0.000028,0.000000,0.000000,0.000308
Q_ind_665_anc_2-2,0.000022,0.000000,0.000000,0.000247
Q_ind_666_anc_2-2,0.000021,0.000000,0.000000,0.000243
Q_ind_667_anc_2-2,0.000036,0.000000,0.000000,0.000404
Q_ind_668_anc_2-2,0.000053,0.000000,0.000000,0.000528
Q_ind_669_anc_2-2,0.000032,0.000000,0.000000,0.000350
Q_ind_670_anc_2-2,0.000021,0.000000,0.000000,0.000233
Q_ind_671_anc_2-2,0.000030,0.000000,0.000000,0.000345
Q_ind_672_anc_2-2,0.000022,0.000000,0.000000,0.000239
Q_ind_673_anc_2-2,0.000023,0.000000,0.000000,0.000254
Q_ind_674_anc_2-2,0.000020,0.000000,0.000000,0.000209
Q_ind_675_anc_2-2,0.000030,0.000000,0.000000,0.000329
Q_ind_676_anc_2-2,0.000019,0.000000,0.000000,0.000212
Q_ind_677_anc_2-2,0.000020,0.000000,0.000000,0.000234
Q_ind_678_anc_2-2,0.000431,0.000003,0.000000,0.002831
Q_ind_679_anc_2-2,0.000027,0.000000,0.000000,0.000299
Q_ind_680_anc_2-2,0.000020,0.000000,0.000000,0.000212
Q_ind_681_anc_2-2,0.000020,0.000000,0.000000,0.000220
Q_ind_682_anc_2-2,0.000026,0.000000,0.000000,0.000274
Q_ind_683_anc_2-2,0.002566,0.002446,0.000617,0.005173
Q_ind_684_anc_2-2,0.000021,0.000000,0.000000,0.000217
Q_ind_685_anc_2-2,0.000018,0.000000,0.000000,0.000194
Q_ind_686_anc_2-2,0.000090,0.000000,0.000000,0.000862
Q_ind_687_anc_2-2,0.000900,0.000773,0.000000,0.002712
Q_ind_688_anc_2-2,0.000043,0.000000,0.000000,0.000491
Q_ind_689_anc_2-2,0.000018,0.000000,0.000000,0.000185
Q_ind_690_anc_2-2,0.000023,0.000000,0.000000,0.000249
Q_ind_691_anc_2-2,0.000023,0.000000,0.000000,0.000231
Q_ind_692_anc_2-2,0.000025,0.000000,0.000000,0.000278
Q_ind_693_anc_2-2,0.000019,0.000000,0.000000,0.000204
Q_ind_694_anc_2-2,0.000030,0.000000,0.000000,0.000325
Q_ind_695_anc_2-2,0.000020,0.000000,0.000000,0.000215
Q_ind_696_anc_2-2,0.000096,0.000000,0.000000,0.000779
Q_ind_697_anc_2-2,0.000024,0.000000,0.000000,0.000259
Q_ind_698_anc_2-2,0.000022,0.000000,0.000000,0.000244
Q_ind_699_anc_2-2,0.000035,0.000000,0.000000,0.000407
Q_ind_700_anc_2-2,0.000024,0.000000,0.000000,0.000273
Q_ind_701_anc_2-2,0.002502,0.002391,0.000000,0.005577
Q_ind_702_anc_2-2,0.000027,0.000000,0.000000,0.000291
Q_ind_703_anc_2-2,0.000190,0.000000,0.000000,0.001716
Q_ind_704_anc_2-2,0.000110,0.000000,0.000000,0.001147
Q_ind_705_anc_2-2,0.000028,0.000000,0.000000,0.000317
Q_ind_706_anc_2-2,0.000030,0.000000,0.000000,0.000328
Q_ind_707_anc_2-2,0.000386,0.000015,0.000000,0.002255
Q_ind_708_anc_2-2,0.001654,0.001417,0.000000,0.005138
Q_ind_709_anc_2-2,0.000499,0.000188,0.000000,0.002323
Q_ind_710_anc_2-2,0.000387,0.000000,0.000000,0.003590
Q_ind_711_anc_2-2,0.000059,0.000000,0.000000,0.000644
Q_ind_712_anc_2-2,0.000253,0.000000,0.000000,0.002599
Q_ind_713_anc_2-2,0.000578,0.000001,0.000000,0.005219
Q_ind_714_anc_2-2,0.000150,0.000000,0.000000,0.001634
Q_ind_715_anc_2-2,0.000149,0.000000,0.000000,0.001548
Q_ind_716_anc_2-2,0.000647,0.000001,0.000000,0.005711
Q_ind_717_anc_2-2,0.032056,0.031885,0.022242,0.042551
Q_ind_718_anc_2-2,0.664037,0.664070,0.644367,0.683410
Q_ind_719_anc_2-2,0.372115,0.372196,0.346745,0.396672
Q_ind_720_anc_2-2,0.001219,0.000039,0.000000,0.006949
Q_ind_721_anc_2-2,0.003239,0.001792,0.000000,0.012060
Q_ind_722_anc_2-2,0.442660,0.442614,0.422001,0.462998
Q_ind_723_anc_2-2,0.001582,0.000044,0.000000,0.008279
Q_ind_724_anc_2-2,0.000179,0.000000,0.000000,0.001955
Q_ind_725_anc_2-2,0.000602,0.000011,0.000000,0.003985
Q_ind_726_anc_2-2,0.000300,0.000000,0.000000,0.002838
Q_ind_727_anc_2-2,0.000224,0.000000,0.000000,0.002115
Q_ind_728_anc_2-2,0.000429,0.000001,0.000000,0.003824
Q_ind_729_anc_2-2,0.502866,0.503144,0.483203,0.521920
Q_ind_730_anc_2-2,0.000259,0.000000,0.000000,0.002464
Q_ind_731_anc_2-2,0.000678,0.000001,0.000000,0.005463
Q_ind_732_anc_2-2,0.023409,0.023270,0.015751,0.032266
Q_ind_733_anc_2-2,0.000177,0.000000,0.000000,0.001901
Q_ind_734_anc_2-2,0.000751,0.000003,0.000000,0.005351
Q_ind_735_anc_2-2,0.001109,0.000036,0.000000,0.006382
Q_ind_736_anc_2-2,0.003279,0.003093,0.000000,0.008889
Q_ind_737_anc_2-2,0.000208,0.000000,0.000000,0.002267
Q_ind_738_anc_2-2,0.000401,0.000000,0.000000,0.003835
Q_ind_739_anc_2-2,0.002672,0.001798,0.000000,0.009461
Q_ind_740_anc_2-2,0.373960,0.373963,0.354088,0.393249
Q_ind_741_anc_2-2,0.000271,0.000000,0.000000,0.002874
Q_ind_742_anc_2-2,0.001264,0.000051,0.000000,0.006849
Q_ind_743_anc_2-2,0.000698,0.000010,0.000000,0.004510
Q_ind_744_anc_2-2,0.000951,0.000044,0.000000,0.005562
Q_ind_745_anc_2-2,0.000115,0.000000,0.000000,0.001339
Q_ind_746_anc_2-2,0.002170,0.001746,0.000000,0.007152
Q_ind_747_anc_2-2,0.000156,0.000000,0.000000,0.001571
Q_ind_748_anc_2-2,0.000107,0.000000,0.000000,0.001219
Q_ind_749_anc_2-2,0.001079,0.000273,0.000000,0.005324
Q_ind_750_anc_2-2,0.000167,0.000000,0.000000,0.001785
Q_ind_751_anc_2-2,0.002400,0.001545,0.000000,0.008972
Q_ind_752_anc_2-2,0.297468,0.297465,0.278615,0.316640
Q_ind_753_anc_2-2,0.462965,0.462957,0.444306,0.482586
Q_ind_754_anc_2-2,0.002237,0.001799,0.000000,0.007276
Q_ind_755_anc_2-2,0.016580,0.016428,0.008916,0.024932
Q_ind_756_anc_2-2,0.000189,0.000000,0.000000,0.002169
Q_ind_757_anc_2-2,0.000366,0.000000,0.000000,0.003945
Q_ind_758_anc_2-2,0.000224,0.000000,0.000000,0.002683
Q_ind_759_anc_2-2,0.023223,0.023049,0.016163,0.031229
Q_ind_760_anc_2-2,0.000191,0.000000,0.000000,0.002145
Q_ind_761_anc_2-2,0.006341,0.006106,0.002029,0.011853
Q_ind_762_anc_2-2,0.000170,0.000000,0.000000,0.001892
Q_ind_763_anc_2-2,0.000109,0.000000,0.000000,0.001208
Q_ind_764_anc_2-2,0.005262,0.005108,0.000936,0.010245
Q_ind_765_anc_2-2,0.000032,0.000000,0.000000,0.000336
Q_ind_766_anc_2-2,0.000031,0.000000,0.000000,0.000329
Q_ind_767_anc_2-2,0.011760,0.011562,0.005629,0.018956
Q_ind_768_anc_2-2,0.014057,0.013898,0.007578,0.021631
Q_ind_769_anc_2-2,0.019663,0.019446,0.012432,0.027860
Q_ind_770_anc_2-2,0.031183,0.030959,0.020360,0.043562
Q_ind_771_anc_2-2,0.054201,0.054047,0.039093,0.070152
Q_ind_772_anc_2-2,0.044154,0.043999,0.029726,0.059653
Q_ind_773_anc_2-2,0.030782,0.030682,0.019853,0.042423
Q_ind_774_anc_2-2,0.019279,0.019130,0.011703,0.027321
Q_ind_775_anc_2-2,0.000033,0.000000,0.000000,0.000385
Q_ind_776_anc_2-2,0.000035,0.000000,0.000000,0.000375
Q_ind_777_anc_2-2,0.000049,0.000000,0.000000,0.000534
Q_ind_778_anc_2-2,0.008934,0.008779,0.003785,0.015024
Q_ind_779_anc_2-2,0.000029,0.000000,0.000000,0.000325
Q_ind_780_anc_2-2,0.000026,0.000000,0.000000,0.000287
Q_ind_781_anc_2-2,0.012232,0.012018,0.006721,0.018695
Q_ind_782_anc_2-2,0.000021,0.000000,0.000000,0.000237
Q_ind_783_anc_2-2,0.000030,0.000000,0.000000,0.000315
Q_ind_784_anc_2-2,0.000050,0.000000,0.000000,0.000554
Q_ind_785_anc_2-2,0.000022,0.000000,0.000000,0.000235
Q_ind_786_anc_2-2,0.000024,0.000000,0.000000,0.000262
Q_ind_787_anc_2-2,0.000020,0.000000,0.000000,0.000216
Q_ind_788_anc_2-2,0.000022,0.000000,0.000000,0.000227
Q_ind_789_anc_2-2,0.000021,0.000000,0.000000,0.000232
Q_ind_790_anc_2-2,0.000021,0.000000,0.000000,0.000211
Q_ind_791_anc_2-2,0.000023,0.000000,0.000000,0.000249
Q_ind_792_anc_2-2,0.014052,0.013882,0.008490,0.020791
Q_ind_793_anc_2-2,0.000024,0.000000,0.000000,0.000267
Q_ind_794_anc_2-2,0.000169,0.000003,0.000000,0.001151
Q_ind_795_anc_2-2,0.000021,0.000000,0.000000,0.000230
Q_ind_796_anc_2-2,0.000039,0.000000,0.000000,0.000435
Q_ind_797_anc_2-2,0.000031,0.000000,0.000000,0.000347
Q_ind_798_anc_2-2,0.000026,0.000000,0.000000,0.000287
Q_ind_799_anc_2-2,0.000030,0.000000,0.000000,0.000322
Q_ind_800_anc_2-2,0.000034,0.000000,0.000000,0.000371
Q_ind_801_anc_2-2,0.000346,0.000192,0.000000,0.001519
Q_ind_802_anc_2-2,0.000019,0.000000,0.000000,0.000201
Q_ind_803_anc_2-2,0.000028,0.000000,0.000000,0.000295
Q_ind_804_anc_2-2,0.000070,0.000000,0.000000,0.000737
Q_ind_805_anc_2-2,0.000025,0.000000,0.000000,0.000258
Q_ind_806_anc_2-2,0.000040,0.000000,0.000000,0.000426
Q_ind_807_anc_2-2,0.000057,0.000000,0.000000,0.000588
Q_ind_808_anc_2-2,0.000021,0.000000,0.000000,0.000230
Q_ind_809_anc_2-2,0.000052,0.000000,0.000000,0.000592
Q_ind_810_anc_2-2,0.000044,0.000000,0.000000,0.000465
Q_ind_811_anc_2-2,0.000020,0.000000,0.000000,0.000217
Q_ind_812_anc_2-2,0.000022,0.000000,0.000000,0.000242
Q_ind_813_anc_2-2,0.000017,0.000000,0.000000,0.000197
Q_ind_814_anc_2-2,0.026929,0.026885,0.019708,0.034756
Q_ind_815_anc_2-2,0.011198,0.011039,0.006447,0.016905
Q_ind_816_anc_2-2,0.016057,0.015932,0.010660,0.022258
Q_ind_817_anc_2-2,0.018916,0.018810,0.013303,0.025130
Q_ind_818_anc_2-2,0.000045,0.000000,0.000000,0.000485
Q_ind_819_anc_2-2,0.032048,0.031901,0.024751,0.039928
Q_ind_820_anc_2-2,0.017249,0.017106,0.010976,0.024414
Q_ind_821_anc_2-2,0.000478,0.000002,0.000000,0.003539
Q_ind_822_anc_2-2,0.001512,0.001371,0.000153,0.003640
Q_ind_823_anc_2-2,0.000025,0.000000,0.000000,0.000266
Q_ind_824_anc_2-2,0.000036,0.000000,0.000000,0.000384
Q_ind_825_anc_2-2,0.000025,0.000000,0.000000,0.000270
Q_ind_826_anc_2-2,0.000035,0.000000,0.000000,0.000383
Q_ind_827_anc_2-2,0.016808,0.016686,0.012326,0.021895
Q_ind_828_anc_2-2,0.000062,0.000000,0.000000,0.000616
Q_ind_829_anc_2-2,0.000029,0.000000,0.000000,0.000320
Q_ind_830_anc_2-2,0.000025,0.000000,0.000000,0.000264
Q_ind_831_anc_2-2,0.010715,0.010528,0.006101,0.016247
Q_ind_832_anc_2-2,0.000965,0.000828,0.000000,0.002790
Q_ind_833_anc_2-2,0.013890,0.013788,0.008901,0.019500
Q_ind_834_anc_2-2,0.008311,0.008137,0.004074,0.013526
Q_ind_835_anc_2-2,0.000031,0.000000,0.000000,0.000335
Q_ind_836_anc_2-2,0.000020,0.000000,0.000000,0.000220
Q_ind_837_anc_2-2,0.000021,0.000000,0.000000,0.000225
Q_ind_838_anc_2-2,0.023893,0.023735,0.017373,0.031135
Q_ind_839_anc_2-2,0.011359,0.011233,0.006734,0.016763
Q_ind_840_anc_2-2,0.000025,0.000000,0.000000,0.000284
Q_ind_841_anc_2-2,0.000033,0.000000,0.000000,0.000356
Q_ind_842_anc_2-2,0.000021,0.000000,0.000000,0.000237
Q_ind_843_anc_2-2,0.013193,0.013107,0.008581,0.018488
Q_ind_844_anc_2-2,0.006899,0.006744,0.002967,0.011825
Q_ind_845_anc_2-2,0.011003,0.010841,0.006614,0.016271
Q_ind_846_anc_2-2,0.014884,0.014745,0.009425,0.020955
Q_ind_847_anc_2-2,0.001028,0.000018,0.000000,0.006131
Q_ind_848_anc_2-2,0.006118,0.005927,0.002122,0.011168
Q_ind_849_anc_2-2,0.068322,0.068160,0.058526,0.078851
Q_ind_850_anc_2-2,0.000023,0.000000,0.000000,0.000243
Q_ind_851_anc_2-2,0.000024,0.000000,0.000000,0.000257
Q_ind_852_anc_2-2,0.000021,0.000000,0.000000,0.000232
Q_ind_853_anc_2-2,0.000020,0.000000,0.000000,0.000218
Q_ind_854_anc_2-2,0.000022,0.000000,0.000000,0.000250
Q_ind_855_anc_2-2,0.000046,0.000000,0.000000,0.000500
Q_ind_856_anc_2-2,0.000034,0.000000,0.000000,0.000364
Q_ind_857_anc_2-2,0.000019,0.000000,0.000000,0.000203
Q_ind_858_anc_2-2,0.000019,0.000000,0.000000,0.000196
Q_ind_859_anc_2-2,0.000018,0.000000,0.000000,0.000208
Q_ind_860_anc_2-2,0.000024,0.000000,0.000000,0.000262
Q_ind_861_anc_2-2,0.000020,0.000000,0.000000,0.000209
Q_ind_862_anc_2-2,0.000040,0.000000,0.000000,0.000436
Q_ind_863_anc_2-2,0.000022,0.000000,0.000000,0.000249
Q_ind_864_anc_2-2,0.000018,0.000000,0.000000,0.000210
Q_ind_865_anc_2-2,0.000026,0.000000,0.000000,0.000285
Q_ind_866_anc_2-2,0.000058,0.000000,0.000000,0.000618
Q_ind_867_anc_2-2,0.010122,0.009946,0.005056,0.016202
Q_ind_868_anc_2-2,0.000028,0.000000,0.000000,0.000324
Q_ind_869_anc_2-2,0.000028,0.000000,0.000000,0.000308
Q_ind_870_anc_2-2,0.000028,0.000000,0.000000,0.000300
Q_ind_871_anc_2-2,0.005427,0.005217,0.001313,0.010684
Q_ind_872_anc_2-2,0.000019,0.000000,0.000000,0.000204
Q_ind_873_anc_2-2,0.000036,0.000000,0.000000,0.000390
Q_ind_874_anc_2-2,0.000023,0.000000,0.000000,0.000244
Q_ind_875_anc_2-2,0.000019,0.000000,0.000000,0.000188
Q_ind_876_anc_2-2,0.000020,0.000000,0.000000,0.000217
Q_ind_877_anc_2-2,0.008867,0.008652,0.004648,0.014070
Q_ind_878_anc_2-2,0.000019,0.000000,0.000000,0.000202
Q_ind_879_anc_2-2,0.000031,0.000000,0.000000,0.000342
Q_ind_880_anc_2-2,0.000039,0.000000,0.000000,0.000446
Q_ind_881_anc_2-2,0.000216,0.000000,0.000000,0.001917
Q_ind_882_anc_2-2,0.005409,0.005202,0.001362,0.010383
Q_ind_883_anc_2-2,0.000047,0.000000,0.000000,0.000540
Q_ind_884_anc_2-2,0.008089,0.007923,0.003579,0.013646
Q_ind_885_anc_2-2,0.001152,0.001001,0.000000,0.003408
Q_ind_886_anc_2-2,0.000021,0.000000,0.000000,0.000219
Q_ind_887_anc_2-2,0.003708,0.003609,0.001118,0.006847
Q_ind_888_anc_2-2,0.000032,0.000000,0.000000,0.000345
Q_ind_889_anc_2-2,0.000113,0.000000,0.000000,0.001150
Q_ind_890_anc_2-2,0.000022,0.000000,0.000000,0.000230
Q_ind_891_anc_2-2,0.000075,0.000000,0.000000,0.000749
Q_ind_892_anc_2-2,0.000019,0.000000,0.000000,0.000207
Q_ind_893_anc_2-2,0.000082,0.000000,0.000000,0.000845
Q_ind_894_anc_2-2,0.000019,0.000000,0.000000,0.000210
Q_ind_895_anc_2-2,0.000030,0.000000,0.000000,0.000325
Q_ind_896_anc_2-2,0.000154,0.000000,0.000000,0.001403
Q_ind_897_anc_2-2,0.000280,0.000142,0.000000,0.001324
Q_ind_898_anc_2-2,0.000085,0.000000,0.000000,0.000858
Q_ind_899_anc_2-2,0.000224,0.000008,0.000000,0.001360
Q_ind_900_anc_2-2,0.000023,0.000000,0.000000,0.000254
Q_ind_901_anc_2-2,0.000041,0.000000,0.000000,0.000474
Q_ind_902_anc_2-2,0.000020,0.000000,0.000000,0.000231
Q_ind_903_anc_2-2,0.000032,0.000000,0.000000,0.000359
Q_ind_904_anc_2-2,0.000069,0.000000,0.000000,0.000679
Q_ind_905_anc_2-2,0.000148,0.000000,0.000000,0.001271
Q_ind_906_anc_2-2,0.000022,0.000000,0.000000,0.000247
Q_ind_907_anc_2-2,0.000022,0.000000,0.000000,0.000237
Q_ind_908_anc_2-2,0.000099,0.000000,0.000000,0.000892
Q_ind_909_anc_2-2,0.000020,0.000000,0.000000,0.000217
Q_ind_910_anc_2-2,0.000019,0.000000,0.000000,0.000201
Q_ind_911_anc_2-2,0.017648,0.017499,0.011224,0.024807
Q_ind_912_anc_2-2,0.000030,0.000000,0.000000,0.000331
Q_ind_913_anc_2-2,0.000026,0.000000,0.000000,0.000278
Q_ind_914_anc_2-2,0.000046,0.000000,0.000000,0.000503
Q_ind_915_anc_2-2,0.000061,0.000000,0.000000,0.000639
Q_ind_916_anc_2-2,0.000019,0.000000,0.000000,0.000213
Q_ind_917_anc_2-2,0.000021,0.000000,0.000000,0.000221
Q_ind_918_anc_2-2,0.000019,0.000000,0.000000,0.000216
Q_ind_919_anc_2-2,0.000025,0.000000,0.000000,0.000263
Q_ind_920_anc_2-2,0.000022,0.000000,0.000000,0.000247
Q_ind_921_anc_2-2,0.027156,0.026920,0.019134,0.036182
Q_ind_922_anc_2-2,0.023892,0.023809,0.016926,0.031897
Q_ind_923_anc_2-2,0.998104,0.998189,0.995121,1.000000
Q_ind_924_anc_2-2,0.027678,0.027527,0.019805,0.036176
Q_ind_925_anc_2-2,0.030602,0.030480,0.022478,0.039580
Q_ind_926_anc_2-2,0.506037,0.506079,0.488391,0.523852
Q_ind_927_anc_2-2,0.541941,0.542079,0.524167,0.559638
Q_ind_928_anc_2-2,0.018163,0.018069,0.011753,0.025239
Q_ind_929_anc_2-2,0.287078,0.287026,0.270246,0.304604
Q_ind_930_anc_2-2,0.475479,0.475444,0.457622,0.493177
Q_ind_931_anc_2-2,0.040164,0.039964,0.027402,0.054055
Q_ind_932_anc_2-2,0.050371,0.050193,0.039660,0.061922
Q_ind_933_anc_2-2,0.019117,0.018905,0.012460,0.026643
Q_ind_934_anc_2-2,0.018665,0.018467,0.012398,0.026033
Q_ind_935_anc_2-2,0.030861,0.030630,0.021740,0.041191
Q_ind_936_anc_2-2,0.039941,0.039813,0.031144,0.049787
Q_ind_937_anc_2-2,0.029381,0.029195,0.021493,0.038180
Q_ind_938_anc_2-2,0.027129,0.026999,0.019805,0.034926
Q_ind_939_anc_2-2,0.014529,0.014426,0.008565,0.021362
Q_ind_940_anc_2-2,0.022413,0.022202,0.014635,0.030994
Q_ind_941_anc_2-2,0.566773,0.566959,0.548725,0.584548
Q_ind_942_anc_2-2,0.019350,0.019186,0.013252,0.026236
Q_ind_943_anc_2-2,0.026121,0.025981,0.018642,0.034528
Q_ind_944_anc_2-2,0.023397,0.023257,0.016758,0.030730
Q_ind_945_anc_2-2,0.000023,0.000000,0.000000,0.000263
Q_ind_946_anc_2-2,0.000028,0.000000,0.000000,0.000311
Q_ind_947_anc_2-2,0.011929,0.011768,0.006158,0.018699
Q_ind_948_anc_2-2,0.000029,0.000000,0.000000,0.000304
Q_ind_949_anc_2-2,0.000024,0.000000,0.000000,0.000268
Q_ind_950_anc_2-2,0.044205,0.044042,0.035885,0.053319
Q_ind_951_anc_2-2,0.000112,0.000000,0.000000,0.001088
Q_ind_952_anc_2-2,0.000193,0.000000,0.000000,0.001915
Q_ind_953_anc_2-2,0.000281,0.000020,0.000000,0.001679
Q_ind_954_anc_2-2,0.029562,0.029405,0.021411,0.038692
Q_ind_955_anc_2-2,0.024835,0.024688,0.016933,0.033323
Q_ind_956_anc_2-2,0.026194,0.025916,0.018575,0.034972
Q_ind_957_anc_2-2,0.000032,0.000000,0.000000,0.000364
Q_ind_958_anc_2-2,0.000735,0.000497,0.000000,0.002753
Q_ind_959_anc_2-2,0.000028,0.000000,0.000000,0.000308
Q_ind_960_anc_2-2,0.000019,0.000000,0.000000,0.000194
Q_ind_961_anc_2-2,0.000023,0.000000,0.000000,0.000240
Q_ind_962_anc_2-2,0.000020,0.000000,0.000000,0.000209
Q_ind_963_anc_2-2,0.000039,0.000000,0.000000,0.000423
Q_ind_964_anc_2-2,0.999929,0.999998,0.999378,1.000000
Q_ind_965_anc_2-2,0.000026,0.000000,0.000000,0.000284
Q_ind_966_anc_2-2,0.023290,0.023098,0.015449,0.031974
Q_ind_967_anc_2-2,0.000040,0.000000,0.000000,0.000457
Q_ind_968_anc_2-2,0.021761,0.021569,0.014742,0.029550
Q_ind_969_anc_2-2,0.000021,0.000000,0.000000,0.000228
Q_ind_970_anc_2-2,0.000022,0.000000,0.000000,0.000245
Q_ind_971_anc_2-2,0.000019,0.000000,0.000000,0.000206
Q_ind_972_anc_2-2,0.000036,0.000000,0.000000,0.000403
Q_ind_973_anc_2-2,0.000028,0.000000,0.000000,0.000310
Q_ind_974_anc_2-2,0.000021,0.000000,0.000000,0.000228
Q_ind_975_anc_2-2,0.000344,0.000003,0.000000,0.002152
Q_ind_976_anc_2-2,0.000034,0.000000,0.000000,0.000386
Q_ind_977_anc_2-2,0.000026,0.000000,0.000000,0.000291
Q_ind_978_anc_2-2,0.000032,0.000000,0.000000,0.000347
Q_ind_979_anc_2-2,0.000030,0.000000,0.000000,0.000360
Q_ind_980_anc_2-2,0.000020,0.000000,0.000000,0.000210
Q_ind_981_anc_2-2,0.024035,0.023925,0.016612,0.032190
Q_ind_982_anc_2-2,0.000044,0.000000,0.000000,0.000494
Q_ind_983_anc_2-2,0.000042,0.000000,0.000000,0.000449
Q_ind_984_anc_2-2,0.014327,0.014133,0.008607,0.020819
Q_ind_985_anc_2-2,0.000025,0.000000,0.000000,0.000301
Q_ind_986_anc_2-2,0.000022,0.000000,0.000000,0.000232
Q_ind_987_anc_2-2,0.000074,0.000000,0.000000,0.000715
Q_ind_988_anc_2-2,0.000141,0.000000,0.000000,0.001315
Q_ind_989_anc_2-2,0.000026,0.000000,0.000000,0.000292
Q_ind_990_anc_2-2,0.000068,0.000000,0.000000,0.000725
Q_ind_991_anc_2-2,0.000030,0.000000,0.000000,0.000338
Q_ind_992_anc_2-2,0.000034,0.000000,0.000000,0.000353
Q_ind_993_anc_2-2,0.000021,0.000000,0.000000,0.000236
Q_ind_994_anc_2-2,0.000024,0.000000,0.000000,0.000257
Q_ind_995_anc_2-2,0.000032,0.000000,0.000000,0.000373
Q_ind_996_anc_2-2,0.597381,0.597449,0.579123,0.615249
Q_ind_997_anc_2-2,0.000439,0.000236,0.000000,0.001894
Q_ind_998_anc_2-2,0.000036,0.000000,0.000000,0.000373
Q_ind_999_anc_2-2,0.000048,0.000000,0.000000,0.000517
Q_ind_1000_anc_2-2,0.000313,0.000005,0.000000,0.001984
Q_ind_1001_anc_2-2,0.000036,0.000000,0.000000,0.000396
Q_ind_1002_anc_2-2,0.000023,0.000000,0.000000,0.000257
Q_ind_1003_anc_2-2,0.000077,0.000000,0.000000,0.000751
Q_ind_1004_anc_2-2,0.000024,0.000000,0.000000,0.000267
Q_ind_1005_anc_2-2,0.000032,0.000000,0.000000,0.000373
Q_ind_1006_anc_2-2,0.000025,0.000000,0.000000,0.000289
Q_ind_1007_anc_2-2,0.000058,0.000000,0.000000,0.000655
Q_ind_1008_anc_2-2,0.000043,0.000000,0.000000,0.000475
Q_ind_1009_anc_2-2,0.000023,0.000000,0.000000,0.000255
Q_ind_1010_anc_2-2,0.000038,0.000000,0.000000,0.000428
Q_ind_1011_anc_2-2,0.000028,0.000000,0.000000,0.000314
Q_ind_1012_anc_2-2,0.000145,0.000000,0.000000,0.001154
Q_ind_1013_anc_2-2,0.000044,0.000000,0.000000,0.000484
Q_ind_1014_anc_2-2,0.000025,0.000000,0.000000,0.000278
Q_ind_1015_anc_2-2,0.000346,0.000113,0.000000,0.001693
Q_ind_1016_anc_2-2,0.000026,0.000000,0.000000,0.000306
Q_ind_1017_anc_2-2,0.000027,0.000000,0.000000,0.000304
Q_ind_1018_anc_2-2,0.000035,0.000000,0.000000,0.000395
Q_ind_1019_anc_2-2,0.000036,0.000000,0.000000,0.000392
Q_ind_1020_anc_2-2,0.000071,0.000000,0.000000,0.000779
Q_ind_1021_anc_2-2,0.000024,0.000000,0.000000,0.000248
Q_ind_1022_anc_2-2,0.000046,0.000000,0.000000,0.000523
Q_ind_1023_anc_2-2,0.000030,0.000000,0.000000,0.000337
Q_ind_1024_anc_2-2,0.000020,0.000000,0.000000,0.000218
Q_ind_1025_anc_2-2,0.000032,0.000000,0.000000,0.000337
Q_ind_1026_anc_2-2,0.000050,0.000000,0.000000,0.000568
Q_ind_1027_anc_2-2,0.000098,0.000000,0.000000,0.000835
Q_ind_1028_anc_2-2,0.000029,0.000000,0.000000,0.000291
Q_ind_1029_anc_2-2,0.000045,0.000000,0.000000,0.000473
Q_ind_1030_anc_2-2,0.000035,0.000000,0.000000,0.000389
Q_ind_1031_anc_2-2,0.000025,0.000000,0.000000,0.000274
Q_ind_1032_anc_2-2,0.000035,0.000000,0.000000,0.000383
Q_ind_1033_anc_2-2,0.000034,0.000000,0.000000,0.000348
Q_ind_1034_anc_2-2,0.000027,0.000000,0.000000,0.000291
Q_ind_1035_anc_2-2,0.000054,0.000000,0.000000,0.000606
Q_ind_1036_anc_2-2,0.000036,0.000000,0.000000,0.000389
Q_ind_1037_anc_2-2,0.000019,0.000000,0.000000,0.000218
Q_ind_1038_anc_2-2,0.000031,0.000000,0.000000,0.000344
Q_ind_1039_anc_2-2,0.000024,0.000000,0.000000,0.000251
Q_ind_1040_anc_2-2,0.263757,0.263517,0.242230,0.286336
Q_ind_1041_anc_2-2,0.000024,0.000000,0.000000,0.000279
Q_ind_1042_anc_2-2,0.000032,0.000000,0.000000,0.000364
