param,mean,median,ci_0.950_LB,ci_0.950_UB
q_ind_0_pop_0,0.000030,0.000001,0.000000,0.000280
q_ind_1_pop_0,0.000030,0.000001,0.000000,0.000252
q_ind_2_pop_0,0.000042,0.000001,0.000000,0.000355
q_ind_3_pop_0,0.002886,0.002830,0.001544,0.004539
q_ind_4_pop_0,0.000036,0.000001,0.000000,0.000317
q_ind_5_pop_0,0.000034,0.000001,0.000000,0.000307
q_ind_6_pop_0,0.000033,0.000001,0.000000,0.000304
q_ind_7_pop_0,0.001852,0.001791,0.000638,0.003434
q_ind_8_pop_0,0.000032,0.000001,0.000000,0.000301
q_ind_9_pop_0,0.000045,0.000001,0.000000,0.000372
q_ind_10_pop_0,0.000172,0.000022,0.000000,0.001004
q_ind_11_pop_0,0.000031,0.000001,0.000000,0.000268
q_ind_12_pop_0,0.000036,0.000001,0.000000,0.000312
q_ind_13_pop_0,0.000031,0.000001,0.000000,0.000278
q_ind_14_pop_0,0.000028,0.000001,0.000000,0.000252
q_ind_15_pop_0,0.000038,0.000001,0.000000,0.000345
q_ind_16_pop_0,0.000029,0.000001,0.000000,0.000272
q_ind_17_pop_0,0.000043,0.000001,0.000000,0.000371
q_ind_18_pop_0,0.000041,0.000001,0.000000,0.000351
q_ind_19_pop_0,0.000397,0.000280,0.000000,0.001416
q_ind_20_pop_0,0.000043,0.000001,0.000000,0.000375
q_ind_21_pop_0,0.000424,0.000244,0.000000,0.001715
q_ind_22_pop_0,0.000027,0.000001,0.000000,0.000230
q_ind_23_pop_0,0.000048,0.000001,0.000000,0.000424
q_ind_24_pop_0,0.000032,0.000001,0.000000,0.000289
q_ind_25_pop_0,0.000031,0.000001,0.000000,0.000266
q_ind_26_pop_0,0.000047,0.000001,0.000000,0.000421
q_ind_27_pop_0,0.001478,0.001418,0.000000,0.003675
q_ind_28_pop_0,0.000037,0.000001,0.000000,0.000332
q_ind_29_pop_0,0.000053,0.000002,0.000000,0.000454
q_ind_30_pop_0,0.999968,0.999999,0.999711,1.000000
q_ind_31_pop_0,0.999971,0.999999,0.999759,1.000000
q_ind_32_pop_0,0.999197,0.999253,0.998036,1.000000
q_ind_33_pop_0,0.999955,0.999999,0.999609,1.000000
q_ind_34_pop_0,0.999967,0.999999,0.999705,1.000000
q_ind_35_pop_0,0.999937,0.999998,0.999483,1.000000
q_ind_36_pop_0,0.999918,0.999996,0.999360,1.000000
q_ind_37_pop_0,0.999972,0.999999,0.999741,1.000000
q_ind_38_pop_0,0.999937,0.999998,0.999450,1.000000
q_ind_39_pop_0,0.999967,0.999999,0.999711,1.000000
q_ind_40_pop_0,0.999959,0.999999,0.999620,1.000000
q_ind_41_pop_0,0.999970,0.999999,0.999729,1.000000
q_ind_42_pop_0,0.999971,0.999999,0.999739,1.000000
q_ind_43_pop_0,0.999971,0.999999,0.999739,1.000000
q_ind_44_pop_0,0.999968,0.999999,0.999705,1.000000
q_ind_45_pop_0,0.999455,0.999553,0.998307,1.000000
q_ind_46_pop_0,0.999968,0.999999,0.999712,1.000000
q_ind_47_pop_0,0.999968,0.999999,0.999707,1.000000
q_ind_48_pop_0,0.999964,0.999999,0.999675,1.000000
q_ind_49_pop_0,0.999924,0.999997,0.999385,1.000000
q_ind_50_pop_0,0.999853,0.999994,0.998827,1.000000
q_ind_51_pop_0,0.999964,0.999999,0.999670,1.000000
q_ind_52_pop_0,0.999969,0.999999,0.999714,1.000000
q_ind_53_pop_0,0.999966,0.999999,0.999694,1.000000
q_ind_54_pop_0,0.998874,0.998900,0.997058,1.000000
q_ind_55_pop_0,0.999954,0.999999,0.999612,1.000000
q_ind_56_pop_0,0.999952,0.999999,0.999605,1.000000
q_ind_57_pop_0,0.999182,0.999326,0.997316,1.000000
q_ind_58_pop_0,0.999939,0.999997,0.999506,1.000000
q_ind_59_pop_0,0.999964,0.999999,0.999671,1.000000
q_ind_60_pop_0,0.001706,0.001638,0.000167,0.003590
q_ind_61_pop_0,0.000032,0.000001,0.000000,0.000293
q_ind_62_pop_0,0.000030,0.000001,0.000000,0.000269
q_ind_63_pop_0,0.000029,0.000001,0.000000,0.000275
q_ind_64_pop_0,0.002065,0.001998,0.000881,0.003636
q_ind_65_pop_0,0.000045,0.000001,0.000000,0.000388
q_ind_66_pop_0,0.000375,0.000056,0.000000,0.002005
q_ind_67_pop_0,0.000168,0.000011,0.000000,0.001143
q_ind_68_pop_0,0.000037,0.000001,0.000000,0.000342
q_ind_69_pop_0,0.000035,0.000001,0.000000,0.000313
q_ind_70_pop_0,0.000040,0.000001,0.000000,0.000348
q_ind_71_pop_0,0.000038,0.000001,0.000000,0.000332
q_ind_72_pop_0,0.050094,0.049991,0.043932,0.056783
q_ind_73_pop_0,0.003103,0.003023,0.001376,0.005241
q_ind_74_pop_0,0.003032,0.002961,0.000850,0.005460
q_ind_75_pop_0,0.011174,0.011086,0.007615,0.015190
q_ind_76_pop_0,0.014770,0.014728,0.011071,0.018766
q_ind_77_pop_0,0.005104,0.004984,0.002582,0.008165
q_ind_78_pop_0,0.022725,0.022638,0.018163,0.027696
q_ind_79_pop_0,0.030989,0.030929,0.026461,0.035803
q_ind_80_pop_0,0.000075,0.000002,0.000000,0.000611
q_ind_81_pop_0,0.000098,0.000005,0.000000,0.000706
q_ind_82_pop_0,0.000039,0.000001,0.000000,0.000346
q_ind_83_pop_0,0.001587,0.001536,0.000403,0.003045
q_ind_84_pop_0,0.005989,0.005922,0.003718,0.008691
q_ind_85_pop_0,0.003004,0.002946,0.001445,0.004916
q_ind_86_pop_0,0.000215,0.000011,0.000000,0.001497
q_ind_87_pop_0,0.003860,0.003774,0.002041,0.006154
q_ind_88_pop_0,0.000049,0.000001,0.000000,0.000432
q_ind_89_pop_0,0.000045,0.000001,0.000000,0.000375
q_ind_90_pop_0,0.000111,0.000006,0.000000,0.000793
q_ind_91_pop_0,0.000040,0.000001,0.000000,0.000359
q_ind_92_pop_0,0.003448,0.003346,0.000761,0.006758
q_ind_93_pop_0,0.003220,0.003116,0.001206,0.005873
q_ind_94_pop_0,0.000078,0.000002,0.000000,0.000648
q_ind_95_pop_0,0.010770,0.010624,0.006984,0.015258
q_ind_96_pop_0,0.000272,0.000060,0.000000,0.001357
q_ind_97_pop_0,0.001079,0.000961,0.000000,0.003215
q_ind_98_pop_0,0.000103,0.000003,0.000000,0.000844
q_ind_99_pop_0,0.000057,0.000001,0.000000,0.000504
q_ind_100_pop_0,0.004476,0.004418,0.002661,0.006665
q_ind_101_pop_0,0.000058,0.000002,0.000000,0.000533
q_ind_102_pop_0,0.002978,0.002893,0.000934,0.005518
q_ind_103_pop_0,0.000423,0.000056,0.000000,0.002190
q_ind_104_pop_0,0.001179,0.001138,0.000000,0.002986
q_ind_105_pop_0,0.007196,0.007129,0.004321,0.010554
q_ind_106_pop_0,0.000223,0.000010,0.000000,0.001578
q_ind_107_pop_0,0.004038,0.003948,0.001872,0.006567
q_ind_108_pop_0,0.000027,0.000001,0.000000,0.000249
q_ind_109_pop_0,0.003885,0.003830,0.002328,0.005769
q_ind_110_pop_0,0.000029,0.000001,0.000000,0.000257
q_ind_111_pop_0,0.000031,0.000001,0.000000,0.000267
q_ind_112_pop_0,0.000080,0.000002,0.000000,0.000684
q_ind_113_pop_0,0.001734,0.001669,0.000465,0.003351
q_ind_114_pop_0,0.000040,0.000001,0.000000,0.000349
q_ind_115_pop_0,0.000166,0.000033,0.000000,0.000951
q_ind_116_pop_0,0.000029,0.000001,0.000000,0.000260
q_ind_117_pop_0,0.006052,0.005990,0.004057,0.008415
q_ind_118_pop_0,0.000041,0.000001,0.000000,0.000352
q_ind_119_pop_0,0.000029,0.000001,0.000000,0.000252
q_ind_120_pop_0,0.000052,0.000001,0.000000,0.000449
q_ind_121_pop_0,0.000264,0.000021,0.000000,0.001640
q_ind_122_pop_0,0.000050,0.000001,0.000000,0.000444
q_ind_123_pop_0,0.000033,0.000001,0.000000,0.000304
q_ind_124_pop_0,0.000031,0.000001,0.000000,0.000275
q_ind_125_pop_0,0.000050,0.000001,0.000000,0.000419
q_ind_126_pop_0,0.000538,0.000174,0.000000,0.002432
q_ind_127_pop_0,0.000051,0.000001,0.000000,0.000456
q_ind_128_pop_0,0.000029,0.000001,0.000000,0.000249
q_ind_129_pop_0,0.000032,0.000001,0.000000,0.000284
q_ind_130_pop_0,0.000041,0.000001,0.000000,0.000356
q_ind_131_pop_0,0.000036,0.000001,0.000000,0.000332
q_ind_132_pop_0,0.000035,0.000001,0.000000,0.000331
q_ind_133_pop_0,0.000030,0.000001,0.000000,0.000280
q_ind_134_pop_0,0.000119,0.000006,0.000000,0.000846
q_ind_135_pop_0,0.002757,0.002653,0.000577,0.005404
q_ind_136_pop_0,0.001569,0.001482,0.000000,0.004228
q_ind_137_pop_0,0.000030,0.000001,0.000000,0.000274
q_ind_138_pop_0,0.000029,0.000001,0.000000,0.000262
q_ind_139_pop_0,0.000030,0.000001,0.000000,0.000271
q_ind_140_pop_0,0.000030,0.000001,0.000000,0.000270
q_ind_141_pop_0,0.000033,0.000001,0.000000,0.000284
q_ind_142_pop_0,0.000029,0.000001,0.000000,0.000260
q_ind_143_pop_0,0.000045,0.000001,0.000000,0.000413
q_ind_144_pop_0,0.000031,0.000001,0.000000,0.000267
q_ind_145_pop_0,0.000048,0.000001,0.000000,0.000428
q_ind_146_pop_0,0.000058,0.000002,0.000000,0.000484
q_ind_147_pop_0,0.000045,0.000001,0.000000,0.000410
q_ind_148_pop_0,0.000047,0.000001,0.000000,0.000414
q_ind_149_pop_0,0.000035,0.000001,0.000000,0.000315
q_ind_150_pop_0,0.000121,0.000009,0.000000,0.000849
q_ind_151_pop_0,0.000043,0.000001,0.000000,0.000362
q_ind_152_pop_0,0.002635,0.002567,0.000301,0.005244
q_ind_153_pop_0,0.000265,0.000017,0.000000,0.001745
q_ind_154_pop_0,0.000212,0.000015,0.000000,0.001389
q_ind_155_pop_0,0.002473,0.002405,0.000899,0.004485
q_ind_156_pop_0,0.000250,0.000015,0.000000,0.001568
q_ind_157_pop_0,0.000664,0.000463,0.000000,0.002384
q_ind_158_pop_0,0.000039,0.000001,0.000000,0.000343
q_ind_159_pop_0,0.000124,0.000004,0.000000,0.001002
q_ind_160_pop_0,0.000032,0.000001,0.000000,0.000293
q_ind_161_pop_0,0.002496,0.002421,0.001065,0.004370
q_ind_162_pop_0,0.000123,0.000004,0.000000,0.000985
q_ind_163_pop_0,0.000068,0.000002,0.000000,0.000592
q_ind_164_pop_0,0.000035,0.000001,0.000000,0.000296
q_ind_165_pop_0,0.000052,0.000001,0.000000,0.000458
q_ind_166_pop_0,0.000043,0.000001,0.000000,0.000380
q_ind_167_pop_0,0.003613,0.003545,0.001965,0.005619
q_ind_168_pop_0,0.000104,0.000005,0.000000,0.000832
q_ind_169_pop_0,0.000162,0.000013,0.000000,0.001020
q_ind_170_pop_0,0.000088,0.000003,0.000000,0.000730
q_ind_171_pop_0,0.001543,0.001474,0.000435,0.003033
q_ind_172_pop_0,0.001435,0.001379,0.000440,0.002731
q_ind_173_pop_0,0.000056,0.000002,0.000000,0.000460
q_ind_174_pop_0,0.001919,0.001846,0.000636,0.003574
q_ind_175_pop_0,0.000073,0.000003,0.000000,0.000590
q_ind_176_pop_0,0.000066,0.000002,0.000000,0.000564
q_ind_177_pop_0,0.001429,0.001321,0.000000,0.003966
q_ind_178_pop_0,0.000034,0.000001,0.000000,0.000305
q_ind_179_pop_0,0.499890,0.499856,0.495937,0.504210
q_ind_180_pop_0,0.499476,0.499700,0.497914,0.500121
q_ind_181_pop_0,0.500167,0.500153,0.496834,0.503491
q_ind_182_pop_0,0.500981,0.500376,0.499740,0.504345
q_ind_183_pop_0,0.008712,0.008622,0.005818,0.012000
q_ind_184_pop_0,0.496180,0.496277,0.493108,0.498634
q_ind_185_pop_0,0.372938,0.372820,0.364183,0.381670
q_ind_186_pop_0,0.498211,0.498062,0.495118,0.501875
q_ind_187_pop_0,0.500149,0.500000,0.499697,0.501569
q_ind_188_pop_0,0.500017,0.500000,0.499761,0.500420
q_ind_189_pop_0,0.500065,0.500000,0.497326,0.502718
q_ind_190_pop_0,0.499415,0.499685,0.496979,0.501499
q_ind_191_pop_0,0.471533,0.471572,0.465910,0.476745
q_ind_192_pop_0,0.500645,0.500261,0.499162,0.503142
q_ind_193_pop_0,0.500171,0.500130,0.496188,0.504629
q_ind_194_pop_0,0.503096,0.503007,0.500585,0.506037
q_ind_195_pop_0,0.499492,0.499592,0.497475,0.501606
q_ind_196_pop_0,0.501888,0.501646,0.498924,0.506216
q_ind_197_pop_0,0.336710,0.336685,0.326295,0.347272
q_ind_198_pop_0,0.503316,0.503242,0.500407,0.506493
q_ind_199_pop_0,0.248000,0.248013,0.238099,0.258041
q_ind_200_pop_0,0.287706,0.287700,0.277396,0.298101
q_ind_201_pop_0,0.499891,0.500000,0.498490,0.500556
q_ind_202_pop_0,0.489111,0.489109,0.483196,0.495111
q_ind_203_pop_0,0.472477,0.472533,0.466715,0.477844
q_ind_204_pop_0,0.500166,0.500000,0.499523,0.502456
q_ind_205_pop_0,0.500287,0.500000,0.498238,0.502851
q_ind_206_pop_0,0.501003,0.500994,0.497201,0.505042
q_ind_207_pop_0,0.497552,0.497612,0.495218,0.499722
q_ind_208_pop_0,0.498111,0.498096,0.495480,0.501258
q_ind_209_pop_0,0.002352,0.002337,0.000000,0.004899
q_ind_210_pop_0,0.306477,0.306517,0.296483,0.316295
q_ind_211_pop_0,0.499824,0.500000,0.497793,0.500645
q_ind_212_pop_0,0.499947,0.500000,0.499176,0.500210
q_ind_213_pop_0,0.203464,0.203541,0.191432,0.215225
q_ind_214_pop_0,0.004250,0.004177,0.002085,0.006811
q_ind_215_pop_0,0.499714,0.500000,0.497759,0.500445
q_ind_216_pop_0,0.498041,0.498062,0.494351,0.501879
q_ind_217_pop_0,0.295143,0.295128,0.285589,0.304862
q_ind_218_pop_0,0.292757,0.292807,0.282838,0.302552
q_ind_219_pop_0,0.509118,0.509019,0.504676,0.514245
q_ind_220_pop_0,0.547280,0.547211,0.535753,0.558888
q_ind_221_pop_0,0.506898,0.506842,0.499573,0.514478
q_ind_222_pop_0,0.541496,0.541576,0.530250,0.552634
q_ind_223_pop_0,0.498974,0.498951,0.495117,0.502925
q_ind_224_pop_0,0.506580,0.506511,0.498463,0.514913
q_ind_225_pop_0,0.502810,0.502852,0.496706,0.508479
q_ind_226_pop_0,0.499796,0.499774,0.494842,0.504744
q_ind_227_pop_0,0.503100,0.503078,0.498731,0.507609
q_ind_228_pop_0,0.502444,0.502412,0.497922,0.507132
q_ind_229_pop_0,0.495062,0.495050,0.488596,0.501479
q_ind_230_pop_0,0.498225,0.498227,0.493414,0.503132
q_ind_231_pop_0,0.502277,0.502306,0.498128,0.506320
q_ind_232_pop_0,0.500736,0.500727,0.495395,0.506134
q_ind_233_pop_0,0.498180,0.498217,0.494041,0.502185
q_ind_234_pop_0,0.500534,0.500552,0.495821,0.505192
q_ind_235_pop_0,0.497350,0.497362,0.493514,0.501176
q_ind_236_pop_0,0.510857,0.510810,0.505775,0.516165
q_ind_237_pop_0,0.999898,0.999996,0.999230,1.000000
q_ind_238_pop_0,0.505599,0.505612,0.499127,0.511979
q_ind_239_pop_0,0.502666,0.502644,0.497938,0.507656
q_ind_240_pop_0,0.442547,0.442502,0.434647,0.450658
q_ind_241_pop_0,0.499789,0.499786,0.495868,0.503703
q_ind_242_pop_0,0.504007,0.503982,0.498632,0.509525
q_ind_243_pop_0,0.500277,0.500211,0.494481,0.506269
q_ind_244_pop_0,0.501828,0.501823,0.497551,0.506473
q_ind_245_pop_0,0.511368,0.511396,0.504699,0.518193
q_ind_246_pop_0,0.499968,0.499994,0.496116,0.503853
q_ind_247_pop_0,0.500790,0.500774,0.496579,0.504953
q_ind_248_pop_0,0.501096,0.501084,0.495982,0.506325
q_ind_249_pop_0,0.501391,0.501403,0.495678,0.506993
q_ind_250_pop_0,0.501255,0.501262,0.496558,0.505837
q_ind_251_pop_0,0.509925,0.509904,0.504721,0.515327
q_ind_252_pop_0,0.510014,0.510033,0.502913,0.517289
q_ind_253_pop_0,0.499494,0.499497,0.495585,0.503379
q_ind_254_pop_0,0.490381,0.490370,0.484859,0.495850
q_ind_255_pop_0,0.497380,0.497387,0.493507,0.501231
q_ind_256_pop_0,0.502911,0.502885,0.498962,0.506958
q_ind_257_pop_0,0.498604,0.498593,0.494277,0.502978
q_ind_258_pop_0,0.494672,0.494695,0.490908,0.498335
q_ind_259_pop_0,0.497723,0.497737,0.493638,0.501729
q_ind_260_pop_0,0.495380,0.495393,0.490512,0.500277
q_ind_261_pop_0,0.505289,0.505315,0.497833,0.512763
q_ind_262_pop_0,0.498067,0.498077,0.493742,0.502327
q_ind_263_pop_0,0.504236,0.504201,0.498306,0.510316
q_ind_264_pop_0,0.501550,0.501511,0.495680,0.507586
q_ind_265_pop_0,0.497253,0.497279,0.492759,0.501647
q_ind_266_pop_0,0.501435,0.501395,0.497518,0.505347
q_ind_267_pop_0,0.506873,0.506853,0.502143,0.511665
q_ind_268_pop_0,0.500212,0.500192,0.495813,0.504804
q_ind_269_pop_0,0.512086,0.512040,0.504650,0.519664
q_ind_270_pop_0,0.498715,0.498696,0.493682,0.503825
q_ind_271_pop_0,0.497150,0.497122,0.492621,0.501781
q_ind_272_pop_0,0.500986,0.500976,0.496970,0.505166
q_ind_273_pop_0,0.501167,0.501152,0.496310,0.506053
q_ind_274_pop_0,0.502343,0.502298,0.497693,0.507133
q_ind_275_pop_0,0.495133,0.495129,0.490409,0.499851
q_ind_276_pop_0,0.213066,0.213040,0.203472,0.222576
q_ind_277_pop_0,0.509695,0.509678,0.504395,0.515141
q_ind_278_pop_0,0.503627,0.503613,0.498588,0.508597
q_ind_279_pop_0,0.999960,0.999999,0.999646,1.000000
q_ind_280_pop_0,0.500081,0.500041,0.495016,0.505399
q_ind_281_pop_0,0.988173,0.988215,0.984956,0.991182
q_ind_282_pop_0,0.999964,0.999999,0.999690,1.000000
q_ind_283_pop_0,0.992728,0.992794,0.989883,0.995199
q_ind_284_pop_0,0.506922,0.506888,0.502606,0.511418
q_ind_285_pop_0,0.501070,0.500988,0.496510,0.506265
q_ind_286_pop_0,0.501216,0.501168,0.495066,0.507538
q_ind_287_pop_0,0.506207,0.506159,0.500357,0.511104
q_ind_288_pop_0,0.500561,0.500516,0.495524,0.505932
q_ind_289_pop_0,0.000088,0.000002,0.000000,0.000813
q_ind_290_pop_0,0.506088,0.506098,0.501237,0.511013
q_ind_291_pop_0,0.505692,0.505625,0.500753,0.510982
q_ind_292_pop_0,0.502934,0.502907,0.497739,0.508119
q_ind_293_pop_0,0.999889,0.999995,0.999148,1.000000
q_ind_294_pop_0,0.507389,0.507351,0.502721,0.512124
q_ind_295_pop_0,0.982108,0.982184,0.977934,0.985823
q_ind_296_pop_0,0.301602,0.301611,0.291199,0.312166
q_ind_297_pop_0,0.511985,0.512001,0.504474,0.519510
q_ind_298_pop_0,0.000055,0.000002,0.000000,0.000468
q_ind_299_pop_0,0.000078,0.000002,0.000000,0.000664
q_ind_300_pop_0,0.000047,0.000001,0.000000,0.000419
q_ind_301_pop_0,0.000058,0.000002,0.000000,0.000498
q_ind_302_pop_0,0.000059,0.000002,0.000000,0.000530
q_ind_303_pop_0,0.000051,0.000001,0.000000,0.000471
q_ind_304_pop_0,0.000056,0.000001,0.000000,0.000496
q_ind_305_pop_0,0.000054,0.000001,0.000000,0.000482
q_ind_306_pop_0,0.000057,0.000001,0.000000,0.000517
q_ind_307_pop_0,0.506974,0.506954,0.502225,0.511854
q_ind_308_pop_0,0.999958,0.999999,0.999607,1.000000
q_ind_309_pop_0,0.514921,0.514809,0.509523,0.520759
q_ind_310_pop_0,0.531456,0.531380,0.523439,0.539822
q_ind_311_pop_0,0.000046,0.000001,0.000000,0.000418
q_ind_312_pop_0,0.000069,0.000002,0.000000,0.000633
q_ind_313_pop_0,0.999520,0.999954,0.997253,1.000000
q_ind_314_pop_0,0.500500,0.500509,0.495911,0.505463
q_ind_315_pop_0,0.500482,0.500451,0.496944,0.504049
q_ind_316_pop_0,0.501045,0.501002,0.496148,0.506065
q_ind_317_pop_0,0.493814,0.493835,0.489831,0.497876
q_ind_318_pop_0,0.485738,0.485760,0.480694,0.490616
q_ind_319_pop_0,0.962554,0.962626,0.957494,0.967352
q_ind_320_pop_0,0.522285,0.522258,0.514044,0.530507
q_ind_321_pop_0,0.999965,0.999999,0.999685,1.000000
q_ind_322_pop_0,0.999677,0.999811,0.998687,1.000000
q_ind_323_pop_0,0.987906,0.987960,0.984807,0.990688
q_ind_324_pop_0,0.996575,0.996625,0.994783,0.998043
q_ind_325_pop_0,0.999951,0.999999,0.999569,1.000000
q_ind_326_pop_0,0.999966,0.999999,0.999705,1.000000
q_ind_327_pop_0,0.987183,0.987220,0.984083,0.990019
q_ind_328_pop_0,0.984933,0.984995,0.981525,0.987954
q_ind_329_pop_0,0.999957,0.999999,0.999612,1.000000
q_ind_330_pop_0,0.999970,0.999999,0.999738,1.000000
q_ind_331_pop_0,0.498889,0.498940,0.494692,0.502890
q_ind_332_pop_0,0.927552,0.927577,0.921044,0.933713
q_ind_333_pop_0,0.502626,0.502657,0.498571,0.506578
q_ind_334_pop_0,0.500276,0.500283,0.495786,0.504878
q_ind_335_pop_0,0.000324,0.000076,0.000000,0.001606
q_ind_336_pop_0,0.511698,0.511690,0.504215,0.519188
q_ind_337_pop_0,0.495366,0.495401,0.491358,0.499136
q_ind_338_pop_0,0.994634,0.994692,0.991724,0.997075
q_ind_339_pop_0,0.991355,0.991436,0.987608,0.994841
q_ind_340_pop_0,0.556138,0.556221,0.543672,0.569027
q_ind_341_pop_0,0.314636,0.314534,0.305691,0.323790
q_ind_342_pop_0,0.000032,0.000001,0.000000,0.000289
q_ind_343_pop_0,0.242979,0.242935,0.234137,0.252103
q_ind_344_pop_0,0.999803,0.999990,0.998544,1.000000
q_ind_345_pop_0,0.980839,0.980913,0.976741,0.984533
q_ind_346_pop_0,0.999907,0.999996,0.999313,1.000000
q_ind_347_pop_0,0.975859,0.975924,0.970941,0.980327
q_ind_348_pop_0,0.501892,0.501857,0.497636,0.506051
q_ind_349_pop_0,0.488041,0.488041,0.482834,0.493218
q_ind_350_pop_0,0.999969,0.999999,0.999716,1.000000
q_ind_351_pop_0,0.498955,0.498980,0.495601,0.502250
q_ind_352_pop_0,0.999943,0.999998,0.999538,1.000000
q_ind_353_pop_0,0.496834,0.496842,0.493013,0.500464
q_ind_354_pop_0,0.313780,0.313787,0.301604,0.325993
q_ind_355_pop_0,0.490232,0.490232,0.485712,0.494859
q_ind_356_pop_0,0.494014,0.494043,0.489957,0.497862
q_ind_357_pop_0,0.999950,0.999999,0.999532,1.000000
q_ind_358_pop_0,0.999949,0.999998,0.999589,1.000000
q_ind_359_pop_0,0.488943,0.488953,0.483705,0.494153
q_ind_360_pop_0,0.492134,0.492209,0.487978,0.496071
q_ind_361_pop_0,0.494476,0.494446,0.490358,0.498503
q_ind_362_pop_0,0.491953,0.491970,0.487190,0.496371
q_ind_363_pop_0,0.989651,0.989700,0.986231,0.992723
q_ind_364_pop_0,0.270047,0.269977,0.260123,0.280149
q_ind_365_pop_0,0.455053,0.455075,0.448908,0.461142
q_ind_366_pop_0,0.488973,0.489003,0.483228,0.494523
q_ind_367_pop_0,0.998584,0.998651,0.997169,0.999718
q_ind_368_pop_0,0.990181,0.990261,0.987003,0.992960
q_ind_369_pop_0,0.996284,0.996341,0.994154,0.998032
q_ind_370_pop_0,0.969426,0.969516,0.963765,0.974813
q_ind_371_pop_0,0.982095,0.982149,0.977855,0.985872
q_ind_372_pop_0,0.982867,0.982916,0.979088,0.986301
q_ind_373_pop_0,0.489843,0.489869,0.485172,0.494188
q_ind_374_pop_0,0.992224,0.992291,0.989511,0.994587
q_ind_375_pop_0,0.998247,0.998327,0.996530,0.999496
q_ind_376_pop_0,0.498052,0.498085,0.493374,0.502648
q_ind_377_pop_0,0.998497,0.998551,0.997112,0.999622
q_ind_378_pop_0,0.501853,0.501870,0.497278,0.506502
q_ind_379_pop_0,0.499419,0.499448,0.492169,0.506550
q_ind_380_pop_0,0.998153,0.998224,0.996528,0.999322
q_ind_381_pop_0,0.996120,0.996195,0.994020,0.997821
q_ind_382_pop_0,0.986504,0.986537,0.982502,0.990221
q_ind_383_pop_0,0.959043,0.959103,0.953273,0.964512
q_ind_384_pop_0,0.501227,0.501221,0.496523,0.505893
q_ind_385_pop_0,0.478493,0.478507,0.470551,0.486679
q_ind_386_pop_0,0.494316,0.494306,0.490180,0.498338
q_ind_387_pop_0,0.497613,0.497609,0.493357,0.501919
q_ind_388_pop_0,0.490422,0.490404,0.486082,0.494637
q_ind_389_pop_0,0.502826,0.502779,0.497966,0.507768
q_ind_390_pop_0,0.499250,0.499240,0.495184,0.503309
q_ind_391_pop_0,0.503779,0.503769,0.498555,0.509336
q_ind_392_pop_0,0.492811,0.492803,0.488172,0.497446
q_ind_393_pop_0,0.497400,0.497415,0.493271,0.501439
q_ind_394_pop_0,0.505218,0.505209,0.499306,0.511181
q_ind_395_pop_0,0.474139,0.474134,0.468475,0.479784
q_ind_396_pop_0,0.473243,0.473231,0.467392,0.479079
q_ind_397_pop_0,0.988193,0.988268,0.985084,0.990936
q_ind_398_pop_0,0.509526,0.509479,0.505878,0.513498
q_ind_399_pop_0,0.987772,0.987838,0.984344,0.990847
q_ind_400_pop_0,0.998244,0.998326,0.996607,0.999399
q_ind_401_pop_0,0.999759,0.999962,0.998697,1.000000
q_ind_402_pop_0,0.999932,0.999997,0.999453,1.000000
q_ind_403_pop_0,0.942368,0.942429,0.935933,0.948516
q_ind_404_pop_0,0.953881,0.953913,0.948185,0.959424
q_ind_405_pop_0,0.999962,0.999999,0.999656,1.000000
q_ind_406_pop_0,0.943560,0.943606,0.937439,0.949465
q_ind_407_pop_0,0.999953,0.999999,0.999589,1.000000
q_ind_408_pop_0,0.955126,0.955221,0.949281,0.960614
q_ind_409_pop_0,0.999918,0.999997,0.999332,1.000000
q_ind_410_pop_0,0.999968,0.999999,0.999725,1.000000
q_ind_411_pop_0,0.273780,0.273697,0.264198,0.283653
q_ind_412_pop_0,0.805246,0.805189,0.796441,0.814261
q_ind_413_pop_0,0.999969,0.999999,0.999726,1.000000
q_ind_414_pop_0,0.999930,0.999997,0.999403,1.000000
q_ind_415_pop_0,0.999947,0.999998,0.999547,1.000000
q_ind_416_pop_0,0.999931,0.999998,0.999390,1.000000
q_ind_417_pop_0,0.961108,0.961162,0.955448,0.966307
q_ind_418_pop_0,0.434574,0.434587,0.425672,0.443467
q_ind_419_pop_0,0.999803,0.999986,0.998655,1.000000
q_ind_420_pop_0,0.999853,0.999989,0.998995,1.000000
q_ind_421_pop_0,0.953979,0.954097,0.946256,0.961047
q_ind_422_pop_0,0.999841,0.999985,0.998948,1.000000
q_ind_423_pop_0,0.999728,0.999960,0.998487,1.000000
q_ind_424_pop_0,0.242282,0.242215,0.232129,0.252436
q_ind_425_pop_0,0.939542,0.939576,0.932585,0.946034
q_ind_426_pop_0,0.504556,0.504544,0.498719,0.510648
q_ind_427_pop_0,0.999959,0.999999,0.999642,1.000000
q_ind_428_pop_0,0.999958,0.999999,0.999642,1.000000
q_ind_429_pop_0,0.947547,0.947570,0.941387,0.953385
q_ind_430_pop_0,0.999966,0.999999,0.999673,1.000000
q_ind_431_pop_0,0.999951,0.999999,0.999575,1.000000
q_ind_432_pop_0,0.999966,0.999999,0.999691,1.000000
q_ind_433_pop_0,0.999942,0.999998,0.999499,1.000000
q_ind_434_pop_0,0.999952,0.999999,0.999575,1.000000
q_ind_435_pop_0,0.919165,0.919120,0.911965,0.926332
q_ind_436_pop_0,0.737359,0.737375,0.726982,0.747420
q_ind_437_pop_0,0.999959,0.999999,0.999647,1.000000
q_ind_438_pop_0,0.999963,0.999999,0.999679,1.000000
q_ind_439_pop_0,0.909796,0.909873,0.902105,0.916999
q_ind_440_pop_0,0.999959,0.999999,0.999641,1.000000
q_ind_441_pop_0,0.999968,0.999999,0.999711,1.000000
q_ind_442_pop_0,0.506511,0.506473,0.500803,0.512237
q_ind_443_pop_0,0.933243,0.933295,0.926139,0.939924
q_ind_444_pop_0,0.999961,0.999999,0.999652,1.000000
q_ind_445_pop_0,0.966112,0.966156,0.961122,0.970931
q_ind_446_pop_0,0.430131,0.430123,0.422208,0.437964
q_ind_447_pop_0,0.999966,0.999999,0.999693,1.000000
q_ind_448_pop_0,0.999969,0.999999,0.999722,1.000000
q_ind_449_pop_0,0.975778,0.975855,0.971460,0.979745
q_ind_450_pop_0,0.999963,0.999999,0.999656,1.000000
q_ind_451_pop_0,0.999961,0.999999,0.999668,1.000000
q_ind_452_pop_0,0.771473,0.771487,0.761460,0.781393
q_ind_453_pop_0,0.501586,0.501526,0.496772,0.506650
q_ind_454_pop_0,0.999959,0.999999,0.999650,1.000000
q_ind_455_pop_0,0.999969,0.999999,0.999725,1.000000
q_ind_456_pop_0,0.999959,0.999999,0.999648,1.000000
q_ind_457_pop_0,0.999963,0.999999,0.999668,1.000000
q_ind_458_pop_0,0.999966,0.999999,0.999691,1.000000
q_ind_459_pop_0,0.499671,0.499685,0.495352,0.504032
q_ind_460_pop_0,0.999939,0.999998,0.999531,1.000000
q_ind_461_pop_0,0.999961,0.999999,0.999650,1.000000
q_ind_462_pop_0,0.999928,0.999997,0.999437,1.000000
q_ind_463_pop_0,0.999946,0.999999,0.999516,1.000000
q_ind_464_pop_0,0.945752,0.945772,0.940026,0.951346
q_ind_465_pop_0,0.999920,0.999997,0.999347,1.000000
q_ind_466_pop_0,0.999967,0.999999,0.999702,1.000000
q_ind_467_pop_0,0.922600,0.922672,0.915254,0.929360
q_ind_468_pop_0,0.927833,0.927891,0.921214,0.934375
q_ind_469_pop_0,0.999947,0.999999,0.999546,1.000000
q_ind_470_pop_0,0.452315,0.452360,0.444858,0.460067
q_ind_471_pop_0,0.999963,0.999999,0.999673,1.000000
q_ind_472_pop_0,0.999861,0.999992,0.998969,1.000000
q_ind_473_pop_0,0.930886,0.930988,0.923616,0.937656
q_ind_474_pop_0,0.448758,0.448732,0.441087,0.456871
q_ind_475_pop_0,0.999964,0.999999,0.999685,1.000000
q_ind_476_pop_0,0.999861,0.999992,0.998998,1.000000
q_ind_477_pop_0,0.518342,0.518313,0.509512,0.527261
q_ind_478_pop_0,0.999955,0.999999,0.999599,1.000000
q_ind_479_pop_0,0.965593,0.965642,0.960578,0.970264
q_ind_480_pop_0,0.961223,0.961325,0.955407,0.966449
q_ind_481_pop_0,0.999966,0.999999,0.999704,1.000000
q_ind_482_pop_0,0.470954,0.471031,0.459587,0.481955
q_ind_483_pop_0,0.999954,0.999999,0.999586,1.000000
q_ind_484_pop_0,0.999953,0.999999,0.999601,1.000000
q_ind_485_pop_0,0.999942,0.999999,0.999504,1.000000
q_ind_486_pop_0,0.997608,0.997675,0.995450,0.999357
q_ind_487_pop_0,0.914701,0.914746,0.907467,0.921526
q_ind_488_pop_0,0.498920,0.498916,0.493658,0.504329
q_ind_489_pop_0,0.999945,0.999998,0.999543,1.000000
q_ind_490_pop_0,0.935136,0.935184,0.928713,0.941380
q_ind_491_pop_0,0.999954,0.999999,0.999580,1.000000
q_ind_492_pop_0,0.999950,0.999999,0.999552,1.000000
q_ind_493_pop_0,0.944174,0.944283,0.937265,0.950653
q_ind_494_pop_0,0.504793,0.504750,0.499631,0.510301
q_ind_495_pop_0,0.999911,0.999996,0.999299,1.000000
q_ind_496_pop_0,0.999944,0.999999,0.999491,1.000000
q_ind_497_pop_0,0.999929,0.999998,0.999371,1.000000
q_ind_498_pop_0,0.701975,0.701959,0.692835,0.711109
q_ind_499_pop_0,0.502239,0.502240,0.497521,0.507047
q_ind_500_pop_0,0.497028,0.497074,0.492234,0.501757
q_ind_501_pop_0,0.495851,0.495837,0.491296,0.500525
q_ind_502_pop_0,0.999953,0.999999,0.999607,1.000000
q_ind_503_pop_0,0.999968,0.999999,0.999705,1.000000
q_ind_504_pop_0,0.999961,0.999999,0.999655,1.000000
q_ind_505_pop_0,0.999952,0.999999,0.999573,1.000000
q_ind_506_pop_0,0.999914,0.999998,0.999262,1.000000
q_ind_507_pop_0,0.999449,0.999553,0.998142,1.000000
q_ind_508_pop_0,0.999964,0.999999,0.999675,1.000000
q_ind_509_pop_0,0.999958,0.999999,0.999636,1.000000
q_ind_510_pop_0,0.999920,0.999998,0.999349,1.000000
q_ind_511_pop_0,0.992530,0.992601,0.989741,0.994981
q_ind_512_pop_0,0.789586,0.789578,0.779717,0.799700
q_ind_513_pop_0,0.999925,0.999997,0.999383,1.000000
q_ind_514_pop_0,0.997571,0.997653,0.995342,0.999279
q_ind_515_pop_0,0.944727,0.944774,0.938627,0.950608
q_ind_516_pop_0,0.999951,0.999999,0.999582,1.000000
q_ind_517_pop_0,0.999953,0.999999,0.999584,1.000000
q_ind_518_pop_0,0.999964,0.999999,0.999672,1.000000
q_ind_519_pop_0,0.946518,0.946554,0.940515,0.952229
q_ind_520_pop_0,0.999948,0.999999,0.999518,1.000000
q_ind_521_pop_0,0.999958,0.999999,0.999617,1.000000
q_ind_522_pop_0,0.978762,0.978835,0.974238,0.983009
q_ind_523_pop_0,0.999963,0.999999,0.999674,1.000000
q_ind_524_pop_0,0.999968,0.999999,0.999703,1.000000
q_ind_525_pop_0,0.999951,0.999999,0.999575,1.000000
q_ind_526_pop_0,0.999930,0.999997,0.999462,1.000000
q_ind_527_pop_0,0.999920,0.999998,0.999281,1.000000
q_ind_528_pop_0,0.906032,0.906045,0.898777,0.913194
q_ind_529_pop_0,0.999959,0.999999,0.999639,1.000000
q_ind_530_pop_0,0.999962,0.999999,0.999657,1.000000
q_ind_531_pop_0,0.999963,0.999999,0.999663,1.000000
q_ind_532_pop_0,0.500516,0.500463,0.497615,0.503573
q_ind_533_pop_0,0.999959,0.999999,0.999613,1.000000
q_ind_534_pop_0,0.503139,0.503163,0.497593,0.508709
q_ind_535_pop_0,0.999965,0.999999,0.999684,1.000000
q_ind_536_pop_0,0.999364,0.999497,0.997923,1.000000
q_ind_537_pop_0,0.999937,0.999999,0.999442,1.000000
q_ind_538_pop_0,0.503182,0.503159,0.497813,0.508665
q_ind_539_pop_0,0.999960,0.999999,0.999654,1.000000
q_ind_540_pop_0,0.941120,0.941245,0.934213,0.947566
q_ind_541_pop_0,0.999963,0.999999,0.999658,1.000000
q_ind_542_pop_0,0.854252,0.854268,0.844093,0.864228
q_ind_543_pop_0,0.504364,0.504331,0.498953,0.509804
q_ind_544_pop_0,0.999716,0.999990,0.997692,1.000000
q_ind_545_pop_0,0.999945,0.999999,0.999537,1.000000
q_ind_546_pop_0,0.948063,0.948164,0.940565,0.955087
q_ind_547_pop_0,0.999930,0.999998,0.999406,1.000000
q_ind_548_pop_0,0.844298,0.844282,0.834174,0.853932
q_ind_549_pop_0,0.505173,0.505146,0.499424,0.510947
q_ind_550_pop_0,0.999156,0.999460,0.996661,1.000000
q_ind_551_pop_0,0.939629,0.939670,0.933496,0.945551
q_ind_552_pop_0,0.999965,0.999999,0.999686,1.000000
q_ind_553_pop_0,0.999930,0.999998,0.999398,1.000000
q_ind_554_pop_0,0.999969,0.999999,0.999728,1.000000
q_ind_555_pop_0,0.504581,0.504557,0.499407,0.509850
q_ind_556_pop_0,0.999962,0.999999,0.999661,1.000000
q_ind_557_pop_0,0.999968,0.999999,0.999713,1.000000
q_ind_558_pop_0,0.999965,0.999999,0.999678,1.000000
q_ind_559_pop_0,0.999887,0.999996,0.999115,1.000000
q_ind_560_pop_0,0.998764,0.999637,0.994904,1.000000
q_ind_561_pop_0,0.999962,0.999999,0.999650,1.000000
q_ind_562_pop_0,0.999940,0.999998,0.999499,1.000000
q_ind_563_pop_0,0.999967,0.999999,0.999687,1.000000
q_ind_564_pop_0,0.999944,0.999999,0.999502,1.000000
q_ind_565_pop_0,0.999967,0.999999,0.999711,1.000000
q_ind_566_pop_0,0.999941,0.999998,0.999493,1.000000
q_ind_567_pop_0,0.999967,0.999999,0.999702,1.000000
q_ind_568_pop_0,0.999939,0.999998,0.999521,1.000000
q_ind_569_pop_0,0.999966,0.999999,0.999696,1.000000
q_ind_570_pop_0,0.970662,0.970720,0.965207,0.975553
q_ind_571_pop_0,0.475712,0.475729,0.468481,0.482848
q_ind_572_pop_0,0.954502,0.954565,0.948752,0.959934
q_ind_573_pop_0,0.999965,0.999999,0.999691,1.000000
q_ind_574_pop_0,0.928000,0.928066,0.920499,0.935168
q_ind_575_pop_0,0.999919,0.999997,0.999369,1.000000
q_ind_576_pop_0,0.999964,0.999999,0.999680,1.000000
q_ind_577_pop_0,0.996513,0.996595,0.994363,0.998253
q_ind_578_pop_0,0.501450,0.501425,0.497233,0.506094
q_ind_579_pop_0,0.501078,0.500307,0.498897,0.505050
q_ind_580_pop_0,0.497904,0.497843,0.493302,0.502557
q_ind_581_pop_0,0.501818,0.501782,0.497370,0.506308
q_ind_582_pop_0,0.502098,0.502098,0.497307,0.506819
q_ind_583_pop_0,0.499965,0.499930,0.496058,0.503896
q_ind_584_pop_0,0.999968,0.999999,0.999713,1.000000
q_ind_585_pop_0,0.997076,0.997177,0.994576,0.998990
q_ind_586_pop_0,0.999933,0.999998,0.999448,1.000000
q_ind_587_pop_0,0.780912,0.781010,0.768881,0.792852
q_ind_588_pop_0,0.995744,0.995880,0.992485,0.998288
q_ind_589_pop_0,0.000085,0.000003,0.000000,0.000675
q_ind_590_pop_0,0.998664,0.998747,0.996792,1.000000
q_ind_591_pop_0,0.974398,0.974486,0.969288,0.979080
q_ind_592_pop_0,0.993665,0.993737,0.991267,0.995724
q_ind_593_pop_0,0.999967,0.999999,0.999691,1.000000
q_ind_594_pop_0,0.999906,0.999996,0.999312,1.000000
q_ind_595_pop_0,0.999840,0.999993,0.998810,1.000000
q_ind_596_pop_0,0.996686,0.996753,0.994788,0.998193
q_ind_597_pop_0,0.912169,0.912243,0.904979,0.919000
q_ind_598_pop_0,0.999963,0.999999,0.999692,1.000000
q_ind_599_pop_0,0.995572,0.995612,0.993614,0.997232
q_ind_600_pop_0,0.981180,0.981264,0.976822,0.985136
q_ind_601_pop_0,0.987820,0.987859,0.984730,0.990683
q_ind_602_pop_0,0.999966,0.999999,0.999700,1.000000
q_ind_603_pop_0,0.999967,0.999999,0.999717,1.000000
q_ind_604_pop_0,0.999954,0.999999,0.999614,1.000000
q_ind_605_pop_0,0.990753,0.990821,0.987644,0.993392
q_ind_606_pop_0,0.999967,0.999999,0.999700,1.000000
q_ind_607_pop_0,0.999968,0.999999,0.999712,1.000000
q_ind_608_pop_0,0.999967,0.999999,0.999713,1.000000
q_ind_609_pop_0,0.999969,0.999999,0.999724,1.000000
q_ind_610_pop_0,0.999970,0.999999,0.999738,1.000000
q_ind_611_pop_0,0.983229,0.983273,0.979627,0.986535
q_ind_612_pop_0,0.999969,0.999999,0.999728,1.000000
q_ind_613_pop_0,0.999969,0.999999,0.999716,1.000000
q_ind_614_pop_0,0.999967,0.999999,0.999703,1.000000
q_ind_615_pop_0,0.999964,0.999999,0.999684,1.000000
q_ind_616_pop_0,0.951119,0.951165,0.945362,0.956548
q_ind_617_pop_0,0.999910,0.999997,0.999253,1.000000
q_ind_618_pop_0,0.999960,0.999999,0.999642,1.000000
q_ind_619_pop_0,0.995451,0.995501,0.993417,0.997139
q_ind_620_pop_0,0.999874,0.999996,0.998916,1.000000
q_ind_621_pop_0,0.999950,0.999999,0.999550,1.000000
q_ind_622_pop_0,0.999962,0.999999,0.999656,1.000000
q_ind_623_pop_0,0.999965,0.999999,0.999664,1.000000
q_ind_624_pop_0,0.999966,0.999999,0.999696,1.000000
q_ind_625_pop_0,0.999962,0.999999,0.999645,1.000000
q_ind_626_pop_0,0.999950,0.999999,0.999593,1.000000
q_ind_627_pop_0,0.995106,0.995206,0.992467,0.997266
q_ind_628_pop_0,0.999966,0.999999,0.999681,1.000000
q_ind_629_pop_0,0.999967,0.999999,0.999705,1.000000
q_ind_630_pop_0,0.999969,0.999999,0.999726,1.000000
q_ind_631_pop_0,0.995430,0.995438,0.992724,0.998311
q_ind_632_pop_0,0.999967,0.999999,0.999701,1.000000
q_ind_633_pop_0,0.999968,0.999999,0.999707,1.000000
q_ind_634_pop_0,0.989488,0.989535,0.986356,0.992327
q_ind_635_pop_0,0.990740,0.990807,0.987837,0.993354
q_ind_636_pop_0,0.999967,0.999999,0.999695,1.000000
q_ind_637_pop_0,0.999953,0.999999,0.999579,1.000000
q_ind_638_pop_0,0.994896,0.994953,0.992705,0.996710
q_ind_639_pop_0,0.999958,0.999999,0.999631,1.000000
q_ind_640_pop_0,0.999970,0.999999,0.999721,1.000000
q_ind_641_pop_0,0.899157,0.899200,0.891469,0.906621
q_ind_642_pop_0,0.999970,0.999999,0.999731,1.000000
q_ind_643_pop_0,0.967084,0.967118,0.962049,0.971710
q_ind_644_pop_0,0.910173,0.910215,0.903276,0.916967
q_ind_645_pop_0,0.999965,0.999999,0.999667,1.000000
q_ind_646_pop_0,0.939132,0.939234,0.932647,0.945323
q_ind_647_pop_0,0.998379,0.998774,0.994737,1.000000
q_ind_648_pop_0,0.992165,0.992216,0.989470,0.994510
q_ind_649_pop_0,0.999962,0.999999,0.999652,1.000000
q_ind_650_pop_0,0.997491,0.997564,0.995872,0.998736
q_ind_651_pop_0,0.996016,0.996025,0.993553,0.998236
q_ind_652_pop_0,0.999960,0.999999,0.999655,1.000000
q_ind_653_pop_0,0.999944,0.999999,0.999525,1.000000
q_ind_654_pop_0,0.952755,0.952779,0.947327,0.958063
q_ind_655_pop_0,0.999950,0.999999,0.999568,1.000000
q_ind_656_pop_0,0.999729,0.999969,0.998448,1.000000
q_ind_657_pop_0,0.999938,0.999998,0.999444,1.000000
q_ind_658_pop_0,0.999967,0.999999,0.999710,1.000000
q_ind_659_pop_0,0.999965,0.999999,0.999702,1.000000
q_ind_660_pop_0,0.999966,0.999999,0.999715,1.000000
q_ind_661_pop_0,0.975374,0.975476,0.970737,0.979557
q_ind_662_pop_0,0.999968,0.999999,0.999716,1.000000
q_ind_663_pop_0,0.995354,0.995424,0.993199,0.997174
q_ind_664_pop_0,0.999964,0.999999,0.999674,1.000000
q_ind_665_pop_0,0.999967,0.999999,0.999703,1.000000
q_ind_666_pop_0,0.999949,0.999999,0.999545,1.000000
q_ind_667_pop_0,0.999912,0.999996,0.999325,1.000000
q_ind_668_pop_0,0.999954,0.999999,0.999568,1.000000
q_ind_669_pop_0,0.999967,0.999999,0.999695,1.000000
q_ind_670_pop_0,0.999955,0.999999,0.999570,1.000000
q_ind_671_pop_0,0.999962,0.999999,0.999672,1.000000
q_ind_672_pop_0,0.999961,0.999999,0.999656,1.000000
q_ind_673_pop_0,0.999969,0.999999,0.999733,1.000000
q_ind_674_pop_0,0.999949,0.999999,0.999538,1.000000
q_ind_675_pop_0,0.999968,0.999999,0.999724,1.000000
q_ind_676_pop_0,0.999956,0.999999,0.999612,1.000000
q_ind_677_pop_0,0.968196,0.968223,0.963449,0.972684
q_ind_678_pop_0,0.999959,0.999999,0.999631,1.000000
q_ind_679_pop_0,0.999965,0.999999,0.999685,1.000000
q_ind_680_pop_0,0.999960,0.999999,0.999662,1.000000
q_ind_681_pop_0,0.994717,0.994778,0.992465,0.996611
q_ind_682_pop_0,0.966241,0.966246,0.961377,0.970930
q_ind_683_pop_0,0.999967,0.999999,0.999710,1.000000
q_ind_684_pop_0,0.999969,0.999999,0.999717,1.000000
q_ind_685_pop_0,0.992029,0.992118,0.989161,0.994467
q_ind_686_pop_0,0.965515,0.965542,0.960379,0.970261
q_ind_687_pop_0,0.988452,0.988548,0.984996,0.991479
q_ind_688_pop_0,0.999970,0.999999,0.999743,1.000000
q_ind_689_pop_0,0.999965,0.999999,0.999687,1.000000
q_ind_690_pop_0,0.999962,0.999999,0.999671,1.000000
q_ind_691_pop_0,0.999960,0.999999,0.999635,1.000000
q_ind_692_pop_0,0.999967,0.999999,0.999703,1.000000
q_ind_693_pop_0,0.992083,0.992168,0.988633,0.995052
q_ind_694_pop_0,0.999968,0.999999,0.999698,1.000000
q_ind_695_pop_0,0.999417,0.999502,0.998227,1.000000
q_ind_696_pop_0,0.999958,0.999999,0.999624,1.000000
q_ind_697_pop_0,0.999967,0.999999,0.999695,1.000000
q_ind_698_pop_0,0.999943,0.999998,0.999492,1.000000
q_ind_699_pop_0,0.999956,0.999998,0.999616,1.000000
q_ind_700_pop_0,0.982196,0.982244,0.977994,0.986097
q_ind_701_pop_0,0.999959,0.999999,0.999629,1.000000
q_ind_702_pop_0,0.900010,0.900046,0.892758,0.906831
q_ind_703_pop_0,0.974557,0.974609,0.970052,0.978795
q_ind_704_pop_0,0.999956,0.999999,0.999609,1.000000
q_ind_705_pop_0,0.999958,0.999999,0.999634,1.000000
q_ind_706_pop_0,0.993866,0.993893,0.990027,0.997596
q_ind_707_pop_0,0.964824,0.964903,0.959439,0.969771
q_ind_708_pop_0,0.974913,0.974999,0.970339,0.979180
q_ind_709_pop_0,0.507077,0.506985,0.502698,0.512041
q_ind_710_pop_0,0.528647,0.528453,0.520598,0.537420
q_ind_711_pop_0,0.513577,0.513514,0.508155,0.519381
q_ind_712_pop_0,0.507297,0.507213,0.502760,0.512330
q_ind_713_pop_0,0.514282,0.514166,0.508699,0.520500
q_ind_714_pop_0,0.511582,0.511519,0.506830,0.516796
q_ind_715_pop_0,0.510763,0.510712,0.505549,0.516388
q_ind_716_pop_0,0.493522,0.493430,0.486790,0.500216
q_ind_717_pop_0,0.168827,0.168839,0.158810,0.179305
q_ind_718_pop_0,0.319779,0.319685,0.306618,0.333738
q_ind_719_pop_0,0.502564,0.502375,0.497528,0.508499
q_ind_720_pop_0,0.512175,0.512137,0.505732,0.518491
q_ind_721_pop_0,0.279293,0.279163,0.269083,0.289992
q_ind_722_pop_0,0.512441,0.512360,0.506544,0.518595
q_ind_723_pop_0,0.514934,0.514934,0.508651,0.521712
q_ind_724_pop_0,0.506293,0.506201,0.501994,0.511185
q_ind_725_pop_0,0.509909,0.509805,0.504988,0.515214
q_ind_726_pop_0,0.518666,0.518584,0.512842,0.525108
q_ind_727_pop_0,0.503523,0.503670,0.499343,0.508671
q_ind_728_pop_0,0.250802,0.250662,0.240808,0.261294
q_ind_729_pop_0,0.509733,0.509613,0.504799,0.515274
q_ind_730_pop_0,0.513911,0.513850,0.508357,0.519514
q_ind_731_pop_0,0.495714,0.495722,0.490105,0.501128
q_ind_732_pop_0,0.506937,0.506904,0.502874,0.511517
q_ind_733_pop_0,0.513493,0.513437,0.508135,0.519141
q_ind_734_pop_0,0.505610,0.505512,0.501456,0.510231
q_ind_735_pop_0,0.504478,0.504430,0.500035,0.509362
q_ind_736_pop_0,0.518053,0.517970,0.512571,0.523661
q_ind_737_pop_0,0.505237,0.505154,0.501333,0.509441
q_ind_738_pop_0,0.505267,0.505260,0.500256,0.510022
q_ind_739_pop_0,0.314962,0.314967,0.304675,0.325488
q_ind_740_pop_0,0.508894,0.508808,0.504476,0.513868
q_ind_741_pop_0,0.505675,0.505714,0.500257,0.510377
q_ind_742_pop_0,0.504581,0.504542,0.500344,0.509064
q_ind_743_pop_0,0.504010,0.503935,0.500190,0.508091
q_ind_744_pop_0,0.501797,0.500997,0.499735,0.507037
q_ind_745_pop_0,0.505037,0.504980,0.500429,0.509759
q_ind_746_pop_0,0.509561,0.509425,0.504610,0.514942
q_ind_747_pop_0,0.514428,0.514385,0.509508,0.519680
q_ind_748_pop_0,0.509571,0.509555,0.504641,0.514882
q_ind_749_pop_0,0.506120,0.506012,0.502719,0.510396
q_ind_750_pop_0,0.505557,0.505557,0.500735,0.510438
q_ind_751_pop_0,0.467082,0.467138,0.452772,0.481013
q_ind_752_pop_0,0.270260,0.270336,0.260209,0.280196
q_ind_753_pop_0,0.506124,0.506081,0.501885,0.510819
q_ind_754_pop_0,0.492273,0.492255,0.487834,0.497001
q_ind_755_pop_0,0.503273,0.503212,0.500000,0.507325
q_ind_756_pop_0,0.527099,0.526997,0.519311,0.535426
q_ind_757_pop_0,0.507462,0.507372,0.503041,0.512382
q_ind_758_pop_0,0.493418,0.493440,0.488751,0.497969
q_ind_759_pop_0,0.512705,0.512585,0.508115,0.517995
q_ind_760_pop_0,0.503661,0.503630,0.499392,0.508049
q_ind_761_pop_0,0.520683,0.520606,0.514594,0.527107
q_ind_762_pop_0,0.529826,0.529736,0.522350,0.537992
q_ind_763_pop_0,0.501986,0.501972,0.498219,0.505765
q_ind_764_pop_0,0.996709,0.996792,0.994378,0.998558
q_ind_765_pop_0,0.998760,0.998828,0.997270,0.999884
q_ind_766_pop_0,0.517701,0.517656,0.511276,0.524099
q_ind_767_pop_0,0.516573,0.516598,0.510385,0.522698
q_ind_768_pop_0,0.508516,0.508558,0.502466,0.514584
q_ind_769_pop_0,0.562380,0.562365,0.551631,0.573531
q_ind_770_pop_0,0.554369,0.554320,0.541834,0.566850
q_ind_771_pop_0,0.579989,0.580002,0.565376,0.594306
q_ind_772_pop_0,0.556834,0.556787,0.545898,0.567466
q_ind_773_pop_0,0.519735,0.519692,0.512606,0.526976
q_ind_774_pop_0,0.999713,0.999890,0.998669,1.000000
q_ind_775_pop_0,0.999943,0.999999,0.999500,1.000000
q_ind_776_pop_0,0.998325,0.998304,0.996075,1.000000
q_ind_777_pop_0,0.512642,0.512614,0.507452,0.518135
q_ind_778_pop_0,0.999660,0.999775,0.998685,1.000000
q_ind_779_pop_0,0.999960,0.999999,0.999642,1.000000
q_ind_780_pop_0,0.500504,0.500493,0.496149,0.504907
q_ind_781_pop_0,0.997451,0.997531,0.995697,0.998792
q_ind_782_pop_0,0.997578,0.997651,0.995803,0.998970
q_ind_783_pop_0,0.983449,0.983548,0.979058,0.987423
q_ind_784_pop_0,0.993360,0.993444,0.990739,0.995549
q_ind_785_pop_0,0.991999,0.992074,0.989108,0.994501
q_ind_786_pop_0,0.999960,0.999999,0.999643,1.000000
q_ind_787_pop_0,0.999963,0.999999,0.999663,1.000000
q_ind_788_pop_0,0.999965,0.999999,0.999697,1.000000
q_ind_789_pop_0,0.999966,0.999999,0.999699,1.000000
q_ind_790_pop_0,0.970288,0.970373,0.965328,0.974879
q_ind_791_pop_0,0.505638,0.505619,0.500553,0.510809
q_ind_792_pop_0,0.998498,0.998563,0.996863,0.999805
q_ind_793_pop_0,0.991019,0.991061,0.987856,0.993815
q_ind_794_pop_0,0.999967,0.999999,0.999714,1.000000
q_ind_795_pop_0,0.999559,0.999643,0.998560,1.000000
q_ind_796_pop_0,0.995250,0.995289,0.993090,0.997083
q_ind_797_pop_0,0.987551,0.987609,0.983879,0.990827
q_ind_798_pop_0,0.998899,0.998960,0.997679,0.999850
q_ind_799_pop_0,0.999951,0.999999,0.999558,1.000000
q_ind_800_pop_0,0.994389,0.994458,0.991977,0.996434
q_ind_801_pop_0,0.999963,0.999999,0.999688,1.000000
q_ind_802_pop_0,0.995696,0.995766,0.993380,0.997621
q_ind_803_pop_0,0.989684,0.989753,0.986076,0.992908
q_ind_804_pop_0,0.995477,0.995547,0.993294,0.997264
q_ind_805_pop_0,0.995698,0.995781,0.993134,0.997848
q_ind_806_pop_0,0.999910,0.999995,0.999314,1.000000
q_ind_807_pop_0,0.999958,0.999999,0.999628,1.000000
q_ind_808_pop_0,0.999927,0.999998,0.999358,1.000000
q_ind_809_pop_0,0.999943,0.999999,0.999509,1.000000
q_ind_810_pop_0,0.999969,0.999999,0.999728,1.000000
q_ind_811_pop_0,0.999963,0.999999,0.999689,1.000000
q_ind_812_pop_0,0.999970,0.999999,0.999718,1.000000
q_ind_813_pop_0,0.489077,0.489091,0.484678,0.493219
q_ind_814_pop_0,0.497111,0.497159,0.493727,0.500382
q_ind_815_pop_0,0.494173,0.494178,0.490596,0.497752
q_ind_816_pop_0,0.497647,0.497670,0.493542,0.501791
q_ind_817_pop_0,0.999945,0.999999,0.999488,1.000000
q_ind_818_pop_0,0.494791,0.494824,0.489752,0.499864
q_ind_819_pop_0,0.495734,0.495736,0.491640,0.499811
q_ind_820_pop_0,0.778419,0.778459,0.769462,0.787090
q_ind_821_pop_0,0.959529,0.959599,0.954219,0.964417
q_ind_822_pop_0,0.999781,0.999994,0.998076,1.000000
q_ind_823_pop_0,0.999844,0.999995,0.998668,1.000000
q_ind_824_pop_0,0.999894,0.999997,0.999124,1.000000
q_ind_825_pop_0,0.999954,0.999999,0.999586,1.000000
q_ind_826_pop_0,0.923468,0.923533,0.916253,0.930422
q_ind_827_pop_0,0.992960,0.993016,0.990576,0.995034
q_ind_828_pop_0,0.999949,0.999998,0.999592,1.000000
q_ind_829_pop_0,0.504736,0.504647,0.502264,0.507803
q_ind_830_pop_0,0.502479,0.502467,0.498610,0.506488
q_ind_831_pop_0,0.966199,0.966234,0.961416,0.970959
q_ind_832_pop_0,0.501505,0.501493,0.497590,0.505706
q_ind_833_pop_0,0.500803,0.500831,0.497331,0.504212
q_ind_834_pop_0,0.999721,0.999940,0.998555,1.000000
q_ind_835_pop_0,0.999969,0.999999,0.999729,1.000000
q_ind_836_pop_0,0.999967,0.999999,0.999694,1.000000
q_ind_837_pop_0,0.492089,0.492096,0.487776,0.496264
q_ind_838_pop_0,0.497749,0.497761,0.494510,0.500870
q_ind_839_pop_0,0.999962,0.999999,0.999651,1.000000
q_ind_840_pop_0,0.999955,0.999999,0.999602,1.000000
q_ind_841_pop_0,0.996044,0.996044,0.993625,0.998362
q_ind_842_pop_0,0.498991,0.498960,0.495353,0.502705
q_ind_843_pop_0,0.498532,0.498507,0.495593,0.501389
q_ind_844_pop_0,0.496090,0.496101,0.493068,0.499057
q_ind_845_pop_0,0.495841,0.495854,0.492278,0.499384
q_ind_846_pop_0,0.508197,0.508190,0.503857,0.512588
q_ind_847_pop_0,0.501701,0.501659,0.498009,0.505454
q_ind_848_pop_0,0.468176,0.468211,0.462591,0.473655
q_ind_849_pop_0,0.999964,0.999999,0.999669,1.000000
q_ind_850_pop_0,0.999927,0.999998,0.999341,1.000000
q_ind_851_pop_0,0.999961,0.999999,0.999665,1.000000
q_ind_852_pop_0,0.999969,0.999999,0.999724,1.000000
q_ind_853_pop_0,0.999965,0.999999,0.999699,1.000000
q_ind_854_pop_0,0.999941,0.999999,0.999471,1.000000
q_ind_855_pop_0,0.999951,0.999999,0.999556,1.000000
q_ind_856_pop_0,0.999969,0.999999,0.999727,1.000000
q_ind_857_pop_0,0.999968,0.999999,0.999722,1.000000
q_ind_858_pop_0,0.999971,0.999999,0.999736,1.000000
q_ind_859_pop_0,0.999049,0.999283,0.996796,1.000000
q_ind_860_pop_0,0.999968,0.999999,0.999716,1.000000
q_ind_861_pop_0,0.995420,0.995472,0.993281,0.997183
q_ind_862_pop_0,0.999914,0.999996,0.999376,1.000000
q_ind_863_pop_0,0.999969,0.999999,0.999718,1.000000
q_ind_864_pop_0,0.999960,0.999999,0.999632,1.000000
q_ind_865_pop_0,0.999880,0.999993,0.999176,1.000000
q_ind_866_pop_0,0.499886,0.499857,0.496018,0.503842
q_ind_867_pop_0,0.999945,0.999998,0.999531,1.000000
q_ind_868_pop_0,0.999960,0.999999,0.999644,1.000000
q_ind_869_pop_0,0.999954,0.999999,0.999593,1.000000
q_ind_870_pop_0,0.500850,0.500817,0.497473,0.504479
q_ind_871_pop_0,0.999969,0.999999,0.999715,1.000000
q_ind_872_pop_0,0.999942,0.999999,0.999511,1.000000
q_ind_873_pop_0,0.999965,0.999999,0.999684,1.000000
q_ind_874_pop_0,0.999969,0.999999,0.999740,1.000000
q_ind_875_pop_0,0.999966,0.999999,0.999700,1.000000
q_ind_876_pop_0,0.498817,0.498820,0.495265,0.502419
q_ind_877_pop_0,0.999969,0.999999,0.999730,1.000000
q_ind_878_pop_0,0.999918,0.999998,0.999304,1.000000
q_ind_879_pop_0,0.999798,0.999994,0.998379,1.000000
q_ind_880_pop_0,0.992534,0.992599,0.989723,0.994897
q_ind_881_pop_0,0.497687,0.497736,0.494995,0.500274
q_ind_882_pop_0,0.997071,0.997129,0.995329,0.998479
q_ind_883_pop_0,0.499287,0.499313,0.495911,0.502645
q_ind_884_pop_0,0.981568,0.981629,0.977506,0.985271
q_ind_885_pop_0,0.999964,0.999999,0.999687,1.000000
q_ind_886_pop_0,0.996265,0.996363,0.993125,0.998864
q_ind_887_pop_0,0.997172,0.997249,0.995158,0.998764
q_ind_888_pop_0,0.993088,0.993147,0.990397,0.995432
q_ind_889_pop_0,0.999959,0.999999,0.999630,1.000000
q_ind_890_pop_0,0.999489,0.999840,0.997514,1.000000
q_ind_891_pop_0,0.999967,0.999999,0.999710,1.000000
q_ind_892_pop_0,0.994403,0.994479,0.991421,0.996914
q_ind_893_pop_0,0.996224,0.996275,0.994403,0.997754
q_ind_894_pop_0,0.999939,0.999998,0.999476,1.000000
q_ind_895_pop_0,0.983998,0.984042,0.979957,0.987708
q_ind_896_pop_0,0.999654,0.999783,0.998601,1.000000
q_ind_897_pop_0,0.990108,0.990175,0.987133,0.992752
q_ind_898_pop_0,0.999761,0.999969,0.998636,1.000000
q_ind_899_pop_0,0.999961,0.999999,0.999654,1.000000
q_ind_900_pop_0,0.993719,0.993771,0.991241,0.995833
q_ind_901_pop_0,0.999967,0.999999,0.999707,1.000000
q_ind_902_pop_0,0.981441,0.981517,0.977648,0.984933
q_ind_903_pop_0,0.999884,0.999995,0.999103,1.000000
q_ind_904_pop_0,0.989109,0.989148,0.986062,0.991881
q_ind_905_pop_0,0.999955,0.999999,0.999600,1.000000
q_ind_906_pop_0,0.979190,0.979224,0.975219,0.982968
q_ind_907_pop_0,0.999673,0.999972,0.997722,1.000000
q_ind_908_pop_0,0.999956,0.999999,0.999613,1.000000
q_ind_909_pop_0,0.999967,0.999999,0.999717,1.000000
q_ind_910_pop_0,0.496181,0.496191,0.491883,0.500540
q_ind_911_pop_0,0.999952,0.999999,0.999577,1.000000
q_ind_912_pop_0,0.999961,0.999999,0.999660,1.000000
q_ind_913_pop_0,0.999934,0.999998,0.999420,1.000000
q_ind_914_pop_0,0.999916,0.999998,0.999285,1.000000
q_ind_915_pop_0,0.999970,0.999999,0.999741,1.000000
q_ind_916_pop_0,0.999967,0.999999,0.999704,1.000000
q_ind_917_pop_0,0.999970,0.999999,0.999732,1.000000
q_ind_918_pop_0,0.999962,0.999999,0.999652,1.000000
q_ind_919_pop_0,0.997521,0.997578,0.995973,0.998745
q_ind_920_pop_0,0.502896,0.502861,0.496882,0.509252
q_ind_921_pop_0,0.498695,0.498653,0.493418,0.504099
q_ind_922_pop_0,0.000959,0.000920,0.000000,0.002462
q_ind_923_pop_0,0.502433,0.502425,0.496084,0.509004
q_ind_924_pop_0,0.505021,0.504904,0.498542,0.511939
q_ind_925_pop_0,0.252495,0.252489,0.243344,0.261849
q_ind_926_pop_0,0.232635,0.232570,0.223566,0.241749
q_ind_927_pop_0,0.499282,0.499309,0.494500,0.503972
q_ind_928_pop_0,0.461555,0.461502,0.448802,0.474446
q_ind_929_pop_0,0.267350,0.267379,0.258003,0.276614
q_ind_930_pop_0,0.517122,0.516967,0.506597,0.528467
q_ind_931_pop_0,0.493753,0.493731,0.485715,0.501688
q_ind_932_pop_0,0.500854,0.500860,0.495808,0.505971
q_ind_933_pop_0,0.508254,0.508225,0.502499,0.514164
q_ind_934_pop_0,0.515187,0.515160,0.506944,0.523704
q_ind_935_pop_0,0.491892,0.491929,0.485409,0.498091
q_ind_936_pop_0,0.500882,0.500920,0.494478,0.507135
q_ind_937_pop_0,0.502463,0.502460,0.496696,0.508379
q_ind_938_pop_0,0.502123,0.502116,0.497292,0.506812
q_ind_939_pop_0,0.509403,0.509387,0.502804,0.515818
q_ind_940_pop_0,0.222753,0.222696,0.213500,0.232312
q_ind_941_pop_0,0.498480,0.498515,0.493633,0.503355
q_ind_942_pop_0,0.493448,0.493423,0.488379,0.498360
q_ind_943_pop_0,0.495076,0.495077,0.490438,0.499490
q_ind_944_pop_0,0.999823,0.999988,0.998768,1.000000
q_ind_945_pop_0,0.998053,0.998128,0.996387,0.999328
q_ind_946_pop_0,0.501524,0.501580,0.496910,0.506206
q_ind_947_pop_0,0.999938,0.999998,0.999483,1.000000
q_ind_948_pop_0,0.999960,0.999999,0.999640,1.000000
q_ind_949_pop_0,0.487851,0.487883,0.482198,0.493349
q_ind_950_pop_0,0.990234,0.990316,0.986507,0.993540
q_ind_951_pop_0,0.987888,0.987968,0.984274,0.991163
q_ind_952_pop_0,0.974730,0.974745,0.970296,0.978751
q_ind_953_pop_0,0.506326,0.506307,0.499445,0.513195
q_ind_954_pop_0,0.503157,0.503165,0.496918,0.509388
q_ind_955_pop_0,0.505168,0.505189,0.498827,0.511514
q_ind_956_pop_0,0.999877,0.999995,0.999036,1.000000
q_ind_957_pop_0,0.999154,0.999340,0.997086,1.000000
q_ind_958_pop_0,0.999954,0.999999,0.999598,1.000000
q_ind_959_pop_0,0.999965,0.999999,0.999701,1.000000
q_ind_960_pop_0,0.999959,0.999999,0.999662,1.000000
q_ind_961_pop_0,0.999947,0.999999,0.999533,1.000000
q_ind_962_pop_0,0.999898,0.999995,0.999203,1.000000
q_ind_963_pop_0,0.000051,0.000001,0.000000,0.000461
q_ind_964_pop_0,0.999271,0.999447,0.997511,1.000000
q_ind_965_pop_0,0.504088,0.504029,0.497851,0.510583
q_ind_966_pop_0,0.999766,0.999976,0.998617,1.000000
q_ind_967_pop_0,0.499347,0.499356,0.494086,0.504507
q_ind_968_pop_0,0.999929,0.999998,0.999386,1.000000
q_ind_969_pop_0,0.995181,0.995250,0.993002,0.997011
q_ind_970_pop_0,0.999966,0.999999,0.999700,1.000000
q_ind_971_pop_0,0.999946,0.999999,0.999520,1.000000
q_ind_972_pop_0,0.999756,0.999938,0.998760,1.000000
q_ind_973_pop_0,0.999852,0.999990,0.998979,1.000000
q_ind_974_pop_0,0.969403,0.969476,0.964626,0.973895
q_ind_975_pop_0,0.999933,0.999998,0.999433,1.000000
q_ind_976_pop_0,0.999947,0.999999,0.999541,1.000000
q_ind_977_pop_0,0.999886,0.999997,0.999053,1.000000
q_ind_978_pop_0,0.999941,0.999998,0.999480,1.000000
q_ind_979_pop_0,0.999806,0.999977,0.998917,1.000000
q_ind_980_pop_0,0.507880,0.507857,0.501511,0.514164
q_ind_981_pop_0,0.999866,0.999996,0.998901,1.000000
q_ind_982_pop_0,0.999945,0.999999,0.999510,1.000000
q_ind_983_pop_0,0.503048,0.503051,0.498492,0.507538
q_ind_984_pop_0,0.999960,0.999999,0.999630,1.000000
q_ind_985_pop_0,0.999954,0.999999,0.999584,1.000000
q_ind_986_pop_0,0.999901,0.999996,0.999236,1.000000
q_ind_987_pop_0,0.992067,0.992133,0.989411,0.994420
q_ind_988_pop_0,0.999265,0.999342,0.997925,1.000000
q_ind_989_pop_0,0.999883,0.999996,0.999078,1.000000
q_ind_990_pop_0,0.999917,0.999998,0.999254,1.000000
q_ind_991_pop_0,0.988270,0.988342,0.984912,0.991329
q_ind_992_pop_0,0.999912,0.999996,0.999335,1.000000
q_ind_993_pop_0,0.999949,0.999998,0.999582,1.000000
q_ind_994_pop_0,0.999243,0.999403,0.997487,1.000000
q_ind_995_pop_0,0.207206,0.207168,0.197621,0.217074
q_ind_996_pop_0,0.999510,0.999694,0.998052,1.000000
q_ind_997_pop_0,0.999936,0.999998,0.999474,1.000000
q_ind_998_pop_0,0.999934,0.999998,0.999412,1.000000
q_ind_999_pop_0,0.997246,0.997312,0.994324,0.999824
q_ind_1000_pop_0,0.999786,0.999945,0.998938,1.000000
q_ind_1001_pop_0,0.999939,0.999998,0.999475,1.000000
q_ind_1002_pop_0,0.999894,0.999997,0.999144,1.000000
q_ind_1003_pop_0,0.998634,0.998709,0.997245,0.999596
q_ind_1004_pop_0,0.999953,0.999999,0.999567,1.000000
q_ind_1005_pop_0,0.999942,0.999999,0.999494,1.000000
q_ind_1006_pop_0,0.996885,0.997031,0.993875,0.999152
q_ind_1007_pop_0,0.993840,0.993892,0.991349,0.995852
q_ind_1008_pop_0,0.999890,0.999995,0.999194,1.000000
q_ind_1009_pop_0,0.999946,0.999999,0.999508,1.000000
q_ind_1010_pop_0,0.999899,0.999997,0.999154,1.000000
q_ind_1011_pop_0,0.999831,0.999991,0.998810,1.000000
q_ind_1012_pop_0,0.999878,0.999993,0.999120,1.000000
q_ind_1013_pop_0,0.999947,0.999998,0.999547,1.000000
q_ind_1014_pop_0,0.998277,0.998375,0.995601,1.000000
q_ind_1015_pop_0,0.998599,0.998659,0.996875,0.999994
q_ind_1016_pop_0,0.999424,0.999593,0.997876,1.000000
q_ind_1017_pop_0,0.999881,0.999991,0.999219,1.000000
q_ind_1018_pop_0,0.999877,0.999995,0.999059,1.000000
q_ind_1019_pop_0,0.999822,0.999981,0.998920,1.000000
q_ind_1020_pop_0,0.999808,0.999969,0.998936,1.000000
q_ind_1021_pop_0,0.999924,0.999998,0.999336,1.000000
q_ind_1022_pop_0,0.999953,0.999999,0.999598,1.000000
q_ind_1023_pop_0,0.999968,0.999999,0.999724,1.000000
q_ind_1024_pop_0,0.999821,0.999970,0.998975,1.000000
q_ind_1025_pop_0,0.994090,0.994208,0.990551,0.996896
q_ind_1026_pop_0,0.998270,0.998416,0.995240,1.000000
q_ind_1027_pop_0,0.999839,0.999987,0.998914,1.000000
q_ind_1028_pop_0,0.999905,0.999996,0.999284,1.000000
q_ind_1029_pop_0,0.999882,0.999995,0.999119,1.000000
q_ind_1030_pop_0,0.999952,0.999999,0.999564,1.000000
q_ind_1031_pop_0,0.999796,0.999987,0.998634,1.000000
q_ind_1032_pop_0,0.999925,0.999998,0.999367,1.000000
q_ind_1033_pop_0,0.999927,0.999998,0.999364,1.000000
q_ind_1034_pop_0,0.999919,0.999998,0.999265,1.000000
q_ind_1035_pop_0,0.998462,0.998535,0.996874,0.999627
q_ind_1036_pop_0,0.999965,0.999999,0.999693,1.000000
q_ind_1037_pop_0,0.999936,0.999998,0.999470,1.000000
q_ind_1038_pop_0,0.998482,0.998560,0.996699,0.999827
q_ind_1039_pop_0,0.502995,0.503091,0.486006,0.519937
q_ind_1040_pop_0,0.999933,0.999998,0.999472,1.000000
q_ind_1041_pop_0,0.996039,0.996132,0.993249,0.998272
q_ind_0_pop_1,0.999970,0.999999,0.999720,1.000000
q_ind_1_pop_1,0.999970,0.999999,0.999749,1.000000
q_ind_2_pop_1,0.999958,0.999999,0.999645,1.000000
q_ind_3_pop_1,0.997114,0.997170,0.995461,0.998456
q_ind_4_pop_1,0.999964,0.999999,0.999683,1.000000
q_ind_5_pop_1,0.999966,0.999999,0.999693,1.000000
q_ind_6_pop_1,0.999967,0.999999,0.999696,1.000000
q_ind_7_pop_1,0.998148,0.998209,0.996566,0.999362
q_ind_8_pop_1,0.999968,0.999999,0.999699,1.000000
q_ind_9_pop_1,0.999955,0.999999,0.999628,1.000000
q_ind_10_pop_1,0.999828,0.999978,0.998996,1.000000
q_ind_11_pop_1,0.999969,0.999999,0.999732,1.000000
q_ind_12_pop_1,0.999964,0.999999,0.999688,1.000000
q_ind_13_pop_1,0.999969,0.999999,0.999722,1.000000
q_ind_14_pop_1,0.999972,0.999999,0.999748,1.000000
q_ind_15_pop_1,0.999962,0.999999,0.999655,1.000000
q_ind_16_pop_1,0.999971,0.999999,0.999728,1.000000
q_ind_17_pop_1,0.999957,0.999999,0.999629,1.000000
q_ind_18_pop_1,0.999959,0.999999,0.999649,1.000000
q_ind_19_pop_1,0.999603,0.999720,0.998584,1.000000
q_ind_20_pop_1,0.999957,0.999999,0.999625,1.000000
q_ind_21_pop_1,0.999576,0.999756,0.998285,1.000000
q_ind_22_pop_1,0.999973,0.999999,0.999770,1.000000
q_ind_23_pop_1,0.999952,0.999999,0.999576,1.000000
q_ind_24_pop_1,0.999968,0.999999,0.999711,1.000000
q_ind_25_pop_1,0.999969,0.999999,0.999734,1.000000
q_ind_26_pop_1,0.999953,0.999999,0.999579,1.000000
q_ind_27_pop_1,0.998522,0.998582,0.996325,1.000000
q_ind_28_pop_1,0.999963,0.999999,0.999668,1.000000
q_ind_29_pop_1,0.999947,0.999998,0.999546,1.000000
q_ind_30_pop_1,0.000032,0.000001,0.000000,0.000289
q_ind_31_pop_1,0.000029,0.000001,0.000000,0.000241
q_ind_32_pop_1,0.000803,0.000747,0.000000,0.001964
q_ind_33_pop_1,0.000045,0.000001,0.000000,0.000391
q_ind_34_pop_1,0.000033,0.000001,0.000000,0.000295
q_ind_35_pop_1,0.000063,0.000002,0.000000,0.000517
q_ind_36_pop_1,0.000082,0.000004,0.000000,0.000640
q_ind_37_pop_1,0.000028,0.000001,0.000000,0.000259
q_ind_38_pop_1,0.000063,0.000002,0.000000,0.000550
q_ind_39_pop_1,0.000033,0.000001,0.000000,0.000289
q_ind_40_pop_1,0.000041,0.000001,0.000000,0.000380
q_ind_41_pop_1,0.000030,0.000001,0.000000,0.000271
q_ind_42_pop_1,0.000029,0.000001,0.000000,0.000261
q_ind_43_pop_1,0.000029,0.000001,0.000000,0.000261
q_ind_44_pop_1,0.000032,0.000001,0.000000,0.000295
q_ind_45_pop_1,0.000545,0.000447,0.000000,0.001693
q_ind_46_pop_1,0.000032,0.000001,0.000000,0.000288
q_ind_47_pop_1,0.000032,0.000001,0.000000,0.000293
q_ind_48_pop_1,0.000036,0.000001,0.000000,0.000325
q_ind_49_pop_1,0.000076,0.000003,0.000000,0.000615
q_ind_50_pop_1,0.000147,0.000006,0.000000,0.001173
q_ind_51_pop_1,0.000036,0.000001,0.000000,0.000330
q_ind_52_pop_1,0.000031,0.000001,0.000000,0.000286
q_ind_53_pop_1,0.000034,0.000001,0.000000,0.000306
q_ind_54_pop_1,0.001126,0.001100,0.000000,0.002942
q_ind_55_pop_1,0.000046,0.000001,0.000000,0.000388
q_ind_56_pop_1,0.000048,0.000001,0.000000,0.000395
q_ind_57_pop_1,0.000818,0.000674,0.000000,0.002684
q_ind_58_pop_1,0.000061,0.000003,0.000000,0.000494
q_ind_59_pop_1,0.000036,0.000001,0.000000,0.000329
q_ind_60_pop_1,0.998294,0.998362,0.996410,0.999833
q_ind_61_pop_1,0.999968,0.999999,0.999707,1.000000
q_ind_62_pop_1,0.999970,0.999999,0.999731,1.000000
q_ind_63_pop_1,0.999971,0.999999,0.999725,1.000000
q_ind_64_pop_1,0.997935,0.998002,0.996364,0.999119
q_ind_65_pop_1,0.999955,0.999999,0.999612,1.000000
q_ind_66_pop_1,0.999625,0.999944,0.997995,1.000000
q_ind_67_pop_1,0.999832,0.999989,0.998857,1.000000
q_ind_68_pop_1,0.999963,0.999999,0.999658,1.000000
q_ind_69_pop_1,0.999965,0.999999,0.999687,1.000000
q_ind_70_pop_1,0.999960,0.999999,0.999652,1.000000
q_ind_71_pop_1,0.999962,0.999999,0.999668,1.000000
q_ind_72_pop_1,0.949906,0.950009,0.943217,0.956068
q_ind_73_pop_1,0.996897,0.996977,0.994759,0.998624
q_ind_74_pop_1,0.996968,0.997039,0.994540,0.999150
q_ind_75_pop_1,0.988826,0.988914,0.984810,0.992385
q_ind_76_pop_1,0.985230,0.985272,0.981234,0.988929
q_ind_77_pop_1,0.994896,0.995016,0.991835,0.997418
q_ind_78_pop_1,0.977275,0.977362,0.972304,0.981837
q_ind_79_pop_1,0.969011,0.969071,0.964197,0.973539
q_ind_80_pop_1,0.999925,0.999998,0.999389,1.000000
q_ind_81_pop_1,0.999902,0.999995,0.999294,1.000000
q_ind_82_pop_1,0.999961,0.999999,0.999654,1.000000
q_ind_83_pop_1,0.998413,0.998464,0.996955,0.999597
q_ind_84_pop_1,0.994011,0.994078,0.991309,0.996282
q_ind_85_pop_1,0.996996,0.997054,0.995084,0.998555
q_ind_86_pop_1,0.999785,0.999989,0.998503,1.000000
q_ind_87_pop_1,0.996140,0.996226,0.993846,0.997959
q_ind_88_pop_1,0.999951,0.999999,0.999568,1.000000
q_ind_89_pop_1,0.999955,0.999999,0.999625,1.000000
q_ind_90_pop_1,0.999889,0.999994,0.999207,1.000000
q_ind_91_pop_1,0.999960,0.999999,0.999641,1.000000
q_ind_92_pop_1,0.996552,0.996654,0.993242,0.999239
q_ind_93_pop_1,0.996780,0.996884,0.994127,0.998794
q_ind_94_pop_1,0.999922,0.999998,0.999352,1.000000
q_ind_95_pop_1,0.989230,0.989376,0.984742,0.993016
q_ind_96_pop_1,0.999728,0.999940,0.998643,1.000000
q_ind_97_pop_1,0.998921,0.999039,0.996785,1.000000
q_ind_98_pop_1,0.999897,0.999997,0.999156,1.000000
q_ind_99_pop_1,0.999943,0.999999,0.999496,1.000000
q_ind_100_pop_1,0.995524,0.995582,0.993335,0.997339
q_ind_101_pop_1,0.999942,0.999998,0.999467,1.000000
q_ind_102_pop_1,0.997022,0.997107,0.994482,0.999066
q_ind_103_pop_1,0.999577,0.999944,0.997810,1.000000
q_ind_104_pop_1,0.998821,0.998862,0.997014,1.000000
q_ind_105_pop_1,0.992804,0.992871,0.989446,0.995679
q_ind_106_pop_1,0.999777,0.999990,0.998422,1.000000
q_ind_107_pop_1,0.995962,0.996052,0.993433,0.998128
q_ind_108_pop_1,0.999973,0.999999,0.999751,1.000000
q_ind_109_pop_1,0.996115,0.996170,0.994231,0.997672
q_ind_110_pop_1,0.999971,0.999999,0.999743,1.000000
q_ind_111_pop_1,0.999969,0.999999,0.999733,1.000000
q_ind_112_pop_1,0.999920,0.999998,0.999316,1.000000
q_ind_113_pop_1,0.998266,0.998331,0.996649,0.999535
q_ind_114_pop_1,0.999960,0.999999,0.999651,1.000000
q_ind_115_pop_1,0.999834,0.999967,0.999049,1.000000
q_ind_116_pop_1,0.999971,0.999999,0.999741,1.000000
q_ind_117_pop_1,0.993948,0.994011,0.991585,0.995943
q_ind_118_pop_1,0.999959,0.999999,0.999648,1.000000
q_ind_119_pop_1,0.999971,0.999999,0.999748,1.000000
q_ind_120_pop_1,0.999948,0.999999,0.999551,1.000000
q_ind_121_pop_1,0.999736,0.999979,0.998360,1.000000
q_ind_122_pop_1,0.999950,0.999999,0.999556,1.000000
q_ind_123_pop_1,0.999967,0.999999,0.999696,1.000000
q_ind_124_pop_1,0.999969,0.999999,0.999725,1.000000
q_ind_125_pop_1,0.999950,0.999999,0.999581,1.000000
q_ind_126_pop_1,0.999462,0.999826,0.997568,1.000000
q_ind_127_pop_1,0.999949,0.999999,0.999544,1.000000
q_ind_128_pop_1,0.999971,0.999999,0.999751,1.000000
q_ind_129_pop_1,0.999968,0.999999,0.999717,1.000000
q_ind_130_pop_1,0.999959,0.999999,0.999644,1.000000
q_ind_131_pop_1,0.999964,0.999999,0.999668,1.000000
q_ind_132_pop_1,0.999965,0.999999,0.999669,1.000000
q_ind_133_pop_1,0.999970,0.999999,0.999720,1.000000
q_ind_134_pop_1,0.999881,0.999994,0.999154,1.000000
q_ind_135_pop_1,0.997243,0.997347,0.994596,0.999423
q_ind_136_pop_1,0.998431,0.998518,0.995772,1.000000
q_ind_137_pop_1,0.999970,0.999999,0.999726,1.000000
q_ind_138_pop_1,0.999971,0.999999,0.999738,1.000000
q_ind_139_pop_1,0.999970,0.999999,0.999729,1.000000
q_ind_140_pop_1,0.999970,0.999999,0.999730,1.000000
q_ind_141_pop_1,0.999967,0.999999,0.999716,1.000000
q_ind_142_pop_1,0.999971,0.999999,0.999740,1.000000
q_ind_143_pop_1,0.999955,0.999999,0.999587,1.000000
q_ind_144_pop_1,0.999969,0.999999,0.999733,1.000000
q_ind_145_pop_1,0.999952,0.999999,0.999572,1.000000
q_ind_146_pop_1,0.999942,0.999998,0.999516,1.000000
q_ind_147_pop_1,0.999955,0.999999,0.999589,1.000000
q_ind_148_pop_1,0.999953,0.999999,0.999586,1.000000
q_ind_149_pop_1,0.999965,0.999999,0.999685,1.000000
q_ind_150_pop_1,0.999879,0.999991,0.999151,1.000000
q_ind_151_pop_1,0.999957,0.999999,0.999638,1.000000
q_ind_152_pop_1,0.997365,0.997433,0.994756,0.999699
q_ind_153_pop_1,0.999735,0.999983,0.998255,1.000000
q_ind_154_pop_1,0.999788,0.999985,0.998611,1.000000
q_ind_155_pop_1,0.997527,0.997595,0.995515,0.999101
q_ind_156_pop_1,0.999750,0.999985,0.998432,1.000000
q_ind_157_pop_1,0.999336,0.999537,0.997616,1.000000
q_ind_158_pop_1,0.999961,0.999999,0.999657,1.000000
q_ind_159_pop_1,0.999876,0.999996,0.998998,1.000000
q_ind_160_pop_1,0.999968,0.999999,0.999707,1.000000
q_ind_161_pop_1,0.997504,0.997579,0.995630,0.998935
q_ind_162_pop_1,0.999877,0.999996,0.999015,1.000000
q_ind_163_pop_1,0.999932,0.999998,0.999408,1.000000
q_ind_164_pop_1,0.999965,0.999999,0.999704,1.000000
q_ind_165_pop_1,0.999948,0.999999,0.999542,1.000000
q_ind_166_pop_1,0.999957,0.999999,0.999620,1.000000
q_ind_167_pop_1,0.996387,0.996455,0.994381,0.998035
q_ind_168_pop_1,0.999896,0.999995,0.999168,1.000000
q_ind_169_pop_1,0.999838,0.999987,0.998980,1.000000
q_ind_170_pop_1,0.999912,0.999997,0.999270,1.000000
q_ind_171_pop_1,0.998457,0.998526,0.996967,0.999565
q_ind_172_pop_1,0.998565,0.998621,0.997269,0.999560
q_ind_173_pop_1,0.999944,0.999998,0.999540,1.000000
q_ind_174_pop_1,0.998081,0.998154,0.996426,0.999364
q_ind_175_pop_1,0.999927,0.999997,0.999410,1.000000
q_ind_176_pop_1,0.999934,0.999998,0.999436,1.000000
q_ind_177_pop_1,0.998571,0.998679,0.996034,1.000000
q_ind_178_pop_1,0.999966,0.999999,0.999695,1.000000
q_ind_179_pop_1,0.500110,0.500144,0.495790,0.504063
q_ind_180_pop_1,0.500524,0.500300,0.499879,0.502086
q_ind_181_pop_1,0.499833,0.499847,0.496509,0.503166
q_ind_182_pop_1,0.499019,0.499624,0.495655,0.500260
q_ind_183_pop_1,0.991288,0.991378,0.988000,0.994182
q_ind_184_pop_1,0.503820,0.503723,0.501366,0.506892
q_ind_185_pop_1,0.627062,0.627180,0.618330,0.635817
q_ind_186_pop_1,0.501789,0.501938,0.498125,0.504882
q_ind_187_pop_1,0.499851,0.500000,0.498431,0.500303
q_ind_188_pop_1,0.499983,0.500000,0.499580,0.500239
q_ind_189_pop_1,0.499935,0.500000,0.497282,0.502674
q_ind_190_pop_1,0.500585,0.500315,0.498501,0.503021
q_ind_191_pop_1,0.528467,0.528428,0.523255,0.534089
q_ind_192_pop_1,0.499355,0.499739,0.496858,0.500838
q_ind_193_pop_1,0.499829,0.499870,0.495371,0.503812
q_ind_194_pop_1,0.496904,0.496993,0.493963,0.499415
q_ind_195_pop_1,0.500508,0.500408,0.498394,0.502525
q_ind_196_pop_1,0.498112,0.498354,0.493784,0.501076
q_ind_197_pop_1,0.663290,0.663315,0.652728,0.673705
q_ind_198_pop_1,0.496684,0.496758,0.493507,0.499593
q_ind_199_pop_1,0.752000,0.751987,0.741959,0.761901
q_ind_200_pop_1,0.712294,0.712300,0.701899,0.722604
q_ind_201_pop_1,0.500109,0.500000,0.499444,0.501510
q_ind_202_pop_1,0.510889,0.510891,0.504889,0.516804
q_ind_203_pop_1,0.527523,0.527467,0.522156,0.533285
q_ind_204_pop_1,0.499834,0.500000,0.497544,0.500477
q_ind_205_pop_1,0.499713,0.500000,0.497149,0.501762
q_ind_206_pop_1,0.498997,0.499006,0.494958,0.502799
q_ind_207_pop_1,0.502448,0.502388,0.500278,0.504782
q_ind_208_pop_1,0.501889,0.501904,0.498742,0.504520
q_ind_209_pop_1,0.997648,0.997663,0.995101,1.000000
q_ind_210_pop_1,0.693523,0.693483,0.683705,0.703517
q_ind_211_pop_1,0.500176,0.500000,0.499355,0.502207
q_ind_212_pop_1,0.500053,0.500000,0.499791,0.500824
q_ind_213_pop_1,0.796536,0.796459,0.784775,0.808568
q_ind_214_pop_1,0.995750,0.995823,0.993189,0.997915
q_ind_215_pop_1,0.500286,0.500000,0.499555,0.502241
q_ind_216_pop_1,0.501959,0.501938,0.498121,0.505649
q_ind_217_pop_1,0.704857,0.704872,0.695138,0.714411
q_ind_218_pop_1,0.707243,0.707193,0.697448,0.717162
q_ind_219_pop_1,0.490882,0.490981,0.485755,0.495324
q_ind_220_pop_1,0.452720,0.452789,0.441112,0.464247
q_ind_221_pop_1,0.493102,0.493158,0.485522,0.500427
q_ind_222_pop_1,0.458504,0.458424,0.447366,0.469750
q_ind_223_pop_1,0.501026,0.501049,0.497075,0.504883
q_ind_224_pop_1,0.493420,0.493489,0.485087,0.501537
q_ind_225_pop_1,0.497190,0.497148,0.491521,0.503294
q_ind_226_pop_1,0.500204,0.500226,0.495256,0.505158
q_ind_227_pop_1,0.496900,0.496922,0.492391,0.501269
q_ind_228_pop_1,0.497556,0.497588,0.492868,0.502078
q_ind_229_pop_1,0.504938,0.504950,0.498521,0.511404
q_ind_230_pop_1,0.501775,0.501773,0.496868,0.506586
q_ind_231_pop_1,0.497723,0.497694,0.493680,0.501872
q_ind_232_pop_1,0.499264,0.499273,0.493866,0.504605
q_ind_233_pop_1,0.501820,0.501783,0.497815,0.505959
q_ind_234_pop_1,0.499466,0.499448,0.494808,0.504179
q_ind_235_pop_1,0.502650,0.502638,0.498824,0.506486
q_ind_236_pop_1,0.489143,0.489190,0.483835,0.494225
q_ind_237_pop_1,0.000102,0.000004,0.000000,0.000770
q_ind_238_pop_1,0.494401,0.494388,0.488021,0.500873
q_ind_239_pop_1,0.497334,0.497356,0.492344,0.502062
q_ind_240_pop_1,0.557453,0.557498,0.549342,0.565353
q_ind_241_pop_1,0.500211,0.500214,0.496297,0.504132
q_ind_242_pop_1,0.495993,0.496018,0.490475,0.501368
q_ind_243_pop_1,0.499723,0.499789,0.493731,0.505519
q_ind_244_pop_1,0.498172,0.498177,0.493527,0.502449
q_ind_245_pop_1,0.488632,0.488604,0.481807,0.495301
q_ind_246_pop_1,0.500032,0.500006,0.496147,0.503884
q_ind_247_pop_1,0.499210,0.499226,0.495047,0.503421
q_ind_248_pop_1,0.498904,0.498916,0.493675,0.504018
q_ind_249_pop_1,0.498609,0.498597,0.493007,0.504322
q_ind_250_pop_1,0.498745,0.498738,0.494163,0.503442
q_ind_251_pop_1,0.490075,0.490096,0.484673,0.495279
q_ind_252_pop_1,0.489986,0.489967,0.482711,0.497087
q_ind_253_pop_1,0.500506,0.500503,0.496621,0.504415
q_ind_254_pop_1,0.509619,0.509630,0.504150,0.515141
q_ind_255_pop_1,0.502620,0.502613,0.498769,0.506493
q_ind_256_pop_1,0.497089,0.497115,0.493042,0.501038
q_ind_257_pop_1,0.501396,0.501407,0.497022,0.505723
q_ind_258_pop_1,0.505328,0.505304,0.501665,0.509092
q_ind_259_pop_1,0.502277,0.502263,0.498271,0.506362
q_ind_260_pop_1,0.504620,0.504607,0.499723,0.509488
q_ind_261_pop_1,0.494711,0.494685,0.487237,0.502167
q_ind_262_pop_1,0.501933,0.501923,0.497673,0.506258
q_ind_263_pop_1,0.495764,0.495799,0.489684,0.501694
q_ind_264_pop_1,0.498450,0.498489,0.492414,0.504320
q_ind_265_pop_1,0.502747,0.502721,0.498353,0.507241
q_ind_266_pop_1,0.498566,0.498605,0.494653,0.502482
q_ind_267_pop_1,0.493127,0.493147,0.488335,0.497857
q_ind_268_pop_1,0.499788,0.499808,0.495196,0.504187
q_ind_269_pop_1,0.487914,0.487960,0.480336,0.495350
q_ind_270_pop_1,0.501285,0.501304,0.496175,0.506318
q_ind_271_pop_1,0.502850,0.502878,0.498219,0.507379
q_ind_272_pop_1,0.499014,0.499024,0.494834,0.503030
q_ind_273_pop_1,0.498833,0.498848,0.493948,0.503690
q_ind_274_pop_1,0.497657,0.497702,0.492867,0.502307
q_ind_275_pop_1,0.504867,0.504871,0.500149,0.509591
q_ind_276_pop_1,0.786934,0.786960,0.777424,0.796528
q_ind_277_pop_1,0.490305,0.490322,0.484859,0.495606
q_ind_278_pop_1,0.496373,0.496387,0.491403,0.501412
q_ind_279_pop_1,0.000040,0.000001,0.000000,0.000353
q_ind_280_pop_1,0.499919,0.499959,0.494601,0.504984
q_ind_281_pop_1,0.011827,0.011785,0.008818,0.015044
q_ind_282_pop_1,0.000036,0.000001,0.000000,0.000310
q_ind_283_pop_1,0.007272,0.007206,0.004801,0.010117
q_ind_284_pop_1,0.493078,0.493112,0.488582,0.497394
q_ind_285_pop_1,0.498930,0.499012,0.493735,0.503490
q_ind_286_pop_1,0.498784,0.498832,0.492462,0.504934
q_ind_287_pop_1,0.493793,0.493841,0.488896,0.499643
q_ind_288_pop_1,0.499439,0.499484,0.494068,0.504476
q_ind_289_pop_1,0.999912,0.999998,0.999187,1.000000
q_ind_290_pop_1,0.493912,0.493902,0.488987,0.498763
q_ind_291_pop_1,0.494308,0.494375,0.489018,0.499247
q_ind_292_pop_1,0.497066,0.497093,0.491881,0.502261
q_ind_293_pop_1,0.000111,0.000005,0.000000,0.000852
q_ind_294_pop_1,0.492611,0.492649,0.487876,0.497279
q_ind_295_pop_1,0.017892,0.017816,0.014177,0.022066
q_ind_296_pop_1,0.698398,0.698389,0.687834,0.708801
q_ind_297_pop_1,0.488015,0.487999,0.480490,0.495526
q_ind_298_pop_1,0.999945,0.999998,0.999532,1.000000
q_ind_299_pop_1,0.999922,0.999998,0.999336,1.000000
q_ind_300_pop_1,0.999953,0.999999,0.999581,1.000000
q_ind_301_pop_1,0.999942,0.999998,0.999502,1.000000
q_ind_302_pop_1,0.999941,0.999999,0.999470,1.000000
q_ind_303_pop_1,0.999949,0.999999,0.999529,1.000000
q_ind_304_pop_1,0.999944,0.999999,0.999504,1.000000
q_ind_305_pop_1,0.999946,0.999999,0.999518,1.000000
q_ind_306_pop_1,0.999943,0.999999,0.999483,1.000000
q_ind_307_pop_1,0.493026,0.493046,0.488146,0.497775
q_ind_308_pop_1,0.000042,0.000001,0.000000,0.000393
q_ind_309_pop_1,0.485079,0.485191,0.479241,0.490477
q_ind_310_pop_1,0.468544,0.468620,0.460178,0.476561
q_ind_311_pop_1,0.999954,0.999999,0.999582,1.000000
q_ind_312_pop_1,0.999931,0.999998,0.999367,1.000000
q_ind_313_pop_1,0.000480,0.000046,0.000000,0.002747
q_ind_314_pop_1,0.499500,0.499491,0.494537,0.504089
q_ind_315_pop_1,0.499518,0.499549,0.495951,0.503056
q_ind_316_pop_1,0.498955,0.498997,0.493935,0.503852
q_ind_317_pop_1,0.506186,0.506165,0.502124,0.510169
q_ind_318_pop_1,0.514262,0.514240,0.509384,0.519306
q_ind_319_pop_1,0.037446,0.037374,0.032648,0.042506
q_ind_320_pop_1,0.477715,0.477742,0.469493,0.485956
q_ind_321_pop_1,0.000035,0.000001,0.000000,0.000315
q_ind_322_pop_1,0.000323,0.000189,0.000000,0.001313
q_ind_323_pop_1,0.012094,0.012040,0.009312,0.015193
q_ind_324_pop_1,0.003425,0.003375,0.001957,0.005217
q_ind_325_pop_1,0.000049,0.000001,0.000000,0.000431
q_ind_326_pop_1,0.000034,0.000001,0.000000,0.000295
q_ind_327_pop_1,0.012817,0.012780,0.009981,0.015917
q_ind_328_pop_1,0.015067,0.015005,0.012046,0.018475
q_ind_329_pop_1,0.000043,0.000001,0.000000,0.000388
q_ind_330_pop_1,0.000030,0.000001,0.000000,0.000262
q_ind_331_pop_1,0.501111,0.501060,0.497110,0.505308
q_ind_332_pop_1,0.072448,0.072423,0.066287,0.078956
q_ind_333_pop_1,0.497374,0.497343,0.493422,0.501429
q_ind_334_pop_1,0.499724,0.499717,0.495122,0.504214
q_ind_335_pop_1,0.999676,0.999924,0.998394,1.000000
q_ind_336_pop_1,0.488302,0.488310,0.480812,0.495785
q_ind_337_pop_1,0.504634,0.504599,0.500864,0.508642
q_ind_338_pop_1,0.005366,0.005308,0.002925,0.008276
q_ind_339_pop_1,0.008645,0.008564,0.005159,0.012392
q_ind_340_pop_1,0.443862,0.443779,0.430973,0.456328
q_ind_341_pop_1,0.685364,0.685466,0.676210,0.694309
q_ind_342_pop_1,0.999968,0.999999,0.999711,1.000000
q_ind_343_pop_1,0.757021,0.757065,0.747897,0.765863
q_ind_344_pop_1,0.000197,0.000010,0.000000,0.001456
q_ind_345_pop_1,0.019161,0.019087,0.015467,0.023259
q_ind_346_pop_1,0.000093,0.000004,0.000000,0.000688
q_ind_347_pop_1,0.024141,0.024076,0.019673,0.029059
q_ind_348_pop_1,0.498108,0.498143,0.493949,0.502364
q_ind_349_pop_1,0.511959,0.511959,0.506782,0.517166
q_ind_350_pop_1,0.000031,0.000001,0.000000,0.000284
q_ind_351_pop_1,0.501045,0.501020,0.497750,0.504399
q_ind_352_pop_1,0.000057,0.000002,0.000000,0.000462
q_ind_353_pop_1,0.503166,0.503158,0.499536,0.506987
q_ind_354_pop_1,0.686220,0.686213,0.674007,0.698396
q_ind_355_pop_1,0.509768,0.509768,0.505141,0.514288
q_ind_356_pop_1,0.505986,0.505957,0.502138,0.510043
q_ind_357_pop_1,0.000050,0.000001,0.000000,0.000468
q_ind_358_pop_1,0.000051,0.000002,0.000000,0.000411
q_ind_359_pop_1,0.511057,0.511047,0.505847,0.516295
q_ind_360_pop_1,0.507866,0.507791,0.503929,0.512022
q_ind_361_pop_1,0.505524,0.505554,0.501497,0.509642
q_ind_362_pop_1,0.508047,0.508030,0.503629,0.512810
q_ind_363_pop_1,0.010349,0.010300,0.007277,0.013769
q_ind_364_pop_1,0.729953,0.730023,0.719851,0.739877
q_ind_365_pop_1,0.544947,0.544925,0.538858,0.551092
q_ind_366_pop_1,0.511027,0.510997,0.505477,0.516772
q_ind_367_pop_1,0.001416,0.001349,0.000282,0.002831
q_ind_368_pop_1,0.009819,0.009739,0.007040,0.012997
q_ind_369_pop_1,0.003716,0.003659,0.001968,0.005846
q_ind_370_pop_1,0.030574,0.030484,0.025187,0.036235
q_ind_371_pop_1,0.017905,0.017851,0.014128,0.022145
q_ind_372_pop_1,0.017133,0.017084,0.013699,0.020912
q_ind_373_pop_1,0.510157,0.510131,0.505812,0.514828
q_ind_374_pop_1,0.007776,0.007709,0.005413,0.010489
q_ind_375_pop_1,0.001753,0.001673,0.000504,0.003470
q_ind_376_pop_1,0.501948,0.501915,0.497352,0.506626
q_ind_377_pop_1,0.001503,0.001449,0.000378,0.002888
q_ind_378_pop_1,0.498147,0.498130,0.493498,0.502722
q_ind_379_pop_1,0.500581,0.500552,0.493450,0.507831
q_ind_380_pop_1,0.001847,0.001776,0.000678,0.003472
q_ind_381_pop_1,0.003880,0.003805,0.002179,0.005980
q_ind_382_pop_1,0.013496,0.013463,0.009779,0.017498
q_ind_383_pop_1,0.040957,0.040897,0.035488,0.046727
q_ind_384_pop_1,0.498773,0.498779,0.494107,0.503477
q_ind_385_pop_1,0.521507,0.521493,0.513321,0.529449
q_ind_386_pop_1,0.505684,0.505694,0.501662,0.509820
q_ind_387_pop_1,0.502387,0.502391,0.498081,0.506643
q_ind_388_pop_1,0.509578,0.509596,0.505363,0.513918
q_ind_389_pop_1,0.497174,0.497221,0.492232,0.502034
q_ind_390_pop_1,0.500750,0.500760,0.496691,0.504816
q_ind_391_pop_1,0.496221,0.496231,0.490664,0.501444
q_ind_392_pop_1,0.507189,0.507197,0.502554,0.511828
q_ind_393_pop_1,0.502600,0.502585,0.498561,0.506729
q_ind_394_pop_1,0.494782,0.494791,0.488819,0.500694
q_ind_395_pop_1,0.525861,0.525866,0.520216,0.531525
q_ind_396_pop_1,0.526757,0.526769,0.520921,0.532608
q_ind_397_pop_1,0.011807,0.011732,0.009064,0.014916
q_ind_398_pop_1,0.490474,0.490521,0.486502,0.494122
q_ind_399_pop_1,0.012228,0.012162,0.009153,0.015656
q_ind_400_pop_1,0.001756,0.001674,0.000601,0.003393
q_ind_401_pop_1,0.000241,0.000038,0.000000,0.001304
q_ind_402_pop_1,0.000068,0.000003,0.000000,0.000547
q_ind_403_pop_1,0.057632,0.057571,0.051484,0.064067
q_ind_404_pop_1,0.046119,0.046087,0.040576,0.051815
q_ind_405_pop_1,0.000038,0.000001,0.000000,0.000344
q_ind_406_pop_1,0.056440,0.056394,0.050535,0.062561
q_ind_407_pop_1,0.000047,0.000001,0.000000,0.000411
q_ind_408_pop_1,0.044874,0.044779,0.039386,0.050719
q_ind_409_pop_1,0.000082,0.000003,0.000000,0.000668
q_ind_410_pop_1,0.000032,0.000001,0.000000,0.000276
q_ind_411_pop_1,0.726220,0.726303,0.716347,0.735802
q_ind_412_pop_1,0.194754,0.194811,0.185739,0.203559
q_ind_413_pop_1,0.000031,0.000001,0.000000,0.000274
q_ind_414_pop_1,0.000070,0.000003,0.000000,0.000597
q_ind_415_pop_1,0.000053,0.000002,0.000000,0.000453
q_ind_416_pop_1,0.000069,0.000002,0.000000,0.000610
q_ind_417_pop_1,0.038892,0.038838,0.033693,0.044552
q_ind_418_pop_1,0.565426,0.565413,0.556533,0.574328
q_ind_419_pop_1,0.000197,0.000014,0.000000,0.001345
q_ind_420_pop_1,0.000147,0.000011,0.000000,0.001005
q_ind_421_pop_1,0.046021,0.045903,0.038953,0.053744
q_ind_422_pop_1,0.000159,0.000015,0.000000,0.001052
q_ind_423_pop_1,0.000272,0.000040,0.000000,0.001513
q_ind_424_pop_1,0.757718,0.757785,0.747564,0.767871
q_ind_425_pop_1,0.060458,0.060424,0.053966,0.067415
q_ind_426_pop_1,0.495444,0.495456,0.489352,0.501281
q_ind_427_pop_1,0.000041,0.000001,0.000000,0.000358
q_ind_428_pop_1,0.000042,0.000001,0.000000,0.000358
q_ind_429_pop_1,0.052453,0.052430,0.046615,0.058613
q_ind_430_pop_1,0.000034,0.000001,0.000000,0.000327
q_ind_431_pop_1,0.000049,0.000001,0.000000,0.000425
q_ind_432_pop_1,0.000034,0.000001,0.000000,0.000309
q_ind_433_pop_1,0.000058,0.000002,0.000000,0.000501
q_ind_434_pop_1,0.000048,0.000001,0.000000,0.000425
q_ind_435_pop_1,0.080835,0.080880,0.073668,0.088035
q_ind_436_pop_1,0.262641,0.262625,0.252580,0.273018
q_ind_437_pop_1,0.000041,0.000001,0.000000,0.000353
q_ind_438_pop_1,0.000037,0.000001,0.000000,0.000321
q_ind_439_pop_1,0.090204,0.090127,0.083001,0.097895
q_ind_440_pop_1,0.000041,0.000001,0.000000,0.000359
q_ind_441_pop_1,0.000032,0.000001,0.000000,0.000289
q_ind_442_pop_1,0.493489,0.493527,0.487763,0.499197
q_ind_443_pop_1,0.066757,0.066705,0.060076,0.073861
q_ind_444_pop_1,0.000039,0.000001,0.000000,0.000348
q_ind_445_pop_1,0.033888,0.033844,0.029069,0.038878
q_ind_446_pop_1,0.569869,0.569877,0.562036,0.577792
q_ind_447_pop_1,0.000034,0.000001,0.000000,0.000307
q_ind_448_pop_1,0.000031,0.000001,0.000000,0.000278
q_ind_449_pop_1,0.024222,0.024145,0.020255,0.028540
q_ind_450_pop_1,0.000037,0.000001,0.000000,0.000344
q_ind_451_pop_1,0.000039,0.000001,0.000000,0.000332
q_ind_452_pop_1,0.228527,0.228513,0.218607,0.238540
q_ind_453_pop_1,0.498414,0.498474,0.493350,0.503228
q_ind_454_pop_1,0.000041,0.000001,0.000000,0.000350
q_ind_455_pop_1,0.000031,0.000001,0.000000,0.000275
q_ind_456_pop_1,0.000041,0.000001,0.000000,0.000352
q_ind_457_pop_1,0.000037,0.000001,0.000000,0.000332
q_ind_458_pop_1,0.000034,0.000001,0.000000,0.000309
q_ind_459_pop_1,0.500329,0.500315,0.495968,0.504648
q_ind_460_pop_1,0.000061,0.000002,0.000000,0.000469
q_ind_461_pop_1,0.000039,0.000001,0.000000,0.000350
q_ind_462_pop_1,0.000072,0.000003,0.000000,0.000563
q_ind_463_pop_1,0.000054,0.000001,0.000000,0.000484
q_ind_464_pop_1,0.054248,0.054228,0.048654,0.059974
q_ind_465_pop_1,0.000080,0.000003,0.000000,0.000653
q_ind_466_pop_1,0.000033,0.000001,0.000000,0.000298
q_ind_467_pop_1,0.077400,0.077328,0.070640,0.084746
q_ind_468_pop_1,0.072167,0.072109,0.065625,0.078786
q_ind_469_pop_1,0.000053,0.000001,0.000000,0.000454
q_ind_470_pop_1,0.547685,0.547640,0.539933,0.555142
q_ind_471_pop_1,0.000037,0.000001,0.000000,0.000327
q_ind_472_pop_1,0.000139,0.000008,0.000000,0.001031
q_ind_473_pop_1,0.069114,0.069012,0.062344,0.076384
q_ind_474_pop_1,0.551242,0.551268,0.543129,0.558913
q_ind_475_pop_1,0.000036,0.000001,0.000000,0.000315
q_ind_476_pop_1,0.000139,0.000008,0.000000,0.001002
q_ind_477_pop_1,0.481658,0.481687,0.472739,0.490488
q_ind_478_pop_1,0.000045,0.000001,0.000000,0.000402
q_ind_479_pop_1,0.034407,0.034358,0.029736,0.039422
q_ind_480_pop_1,0.038777,0.038675,0.033551,0.044593
q_ind_481_pop_1,0.000034,0.000001,0.000000,0.000296
q_ind_482_pop_1,0.529046,0.528969,0.518045,0.540413
q_ind_483_pop_1,0.000046,0.000001,0.000000,0.000414
q_ind_484_pop_1,0.000047,0.000001,0.000000,0.000399
q_ind_485_pop_1,0.000058,0.000001,0.000000,0.000496
q_ind_486_pop_1,0.002392,0.002325,0.000643,0.004550
q_ind_487_pop_1,0.085299,0.085254,0.078474,0.092533
q_ind_488_pop_1,0.501080,0.501084,0.495671,0.506342
q_ind_489_pop_1,0.000055,0.000002,0.000000,0.000457
q_ind_490_pop_1,0.064864,0.064816,0.058620,0.071287
q_ind_491_pop_1,0.000046,0.000001,0.000000,0.000420
q_ind_492_pop_1,0.000050,0.000001,0.000000,0.000448
q_ind_493_pop_1,0.055826,0.055717,0.049347,0.062735
q_ind_494_pop_1,0.495207,0.495250,0.489699,0.500369
q_ind_495_pop_1,0.000089,0.000004,0.000000,0.000701
q_ind_496_pop_1,0.000056,0.000001,0.000000,0.000509
q_ind_497_pop_1,0.000071,0.000002,0.000000,0.000629
q_ind_498_pop_1,0.298025,0.298041,0.288891,0.307165
q_ind_499_pop_1,0.497761,0.497760,0.492953,0.502479
q_ind_500_pop_1,0.502972,0.502926,0.498243,0.507766
q_ind_501_pop_1,0.504149,0.504163,0.499475,0.508704
q_ind_502_pop_1,0.000047,0.000001,0.000000,0.000393
q_ind_503_pop_1,0.000032,0.000001,0.000000,0.000295
q_ind_504_pop_1,0.000039,0.000001,0.000000,0.000345
q_ind_505_pop_1,0.000048,0.000001,0.000000,0.000427
q_ind_506_pop_1,0.000086,0.000002,0.000000,0.000738
q_ind_507_pop_1,0.000551,0.000447,0.000000,0.001858
q_ind_508_pop_1,0.000036,0.000001,0.000000,0.000325
q_ind_509_pop_1,0.000042,0.000001,0.000000,0.000364
q_ind_510_pop_1,0.000080,0.000002,0.000000,0.000651
q_ind_511_pop_1,0.007470,0.007399,0.005019,0.010259
q_ind_512_pop_1,0.210414,0.210422,0.200300,0.220283
q_ind_513_pop_1,0.000075,0.000003,0.000000,0.000617
q_ind_514_pop_1,0.002429,0.002347,0.000721,0.004658
q_ind_515_pop_1,0.055273,0.055226,0.049392,0.061373
q_ind_516_pop_1,0.000049,0.000001,0.000000,0.000418
q_ind_517_pop_1,0.000047,0.000001,0.000000,0.000416
q_ind_518_pop_1,0.000036,0.000001,0.000000,0.000328
q_ind_519_pop_1,0.053482,0.053446,0.047771,0.059485
q_ind_520_pop_1,0.000052,0.000001,0.000000,0.000482
q_ind_521_pop_1,0.000042,0.000001,0.000000,0.000383
q_ind_522_pop_1,0.021238,0.021165,0.016991,0.025762
q_ind_523_pop_1,0.000037,0.000001,0.000000,0.000326
q_ind_524_pop_1,0.000032,0.000001,0.000000,0.000297
q_ind_525_pop_1,0.000049,0.000001,0.000000,0.000425
q_ind_526_pop_1,0.000070,0.000003,0.000000,0.000538
q_ind_527_pop_1,0.000080,0.000002,0.000000,0.000719
q_ind_528_pop_1,0.093968,0.093955,0.086806,0.101223
q_ind_529_pop_1,0.000041,0.000001,0.000000,0.000361
q_ind_530_pop_1,0.000038,0.000001,0.000000,0.000343
q_ind_531_pop_1,0.000037,0.000001,0.000000,0.000337
q_ind_532_pop_1,0.499484,0.499537,0.496427,0.502385
q_ind_533_pop_1,0.000041,0.000001,0.000000,0.000387
q_ind_534_pop_1,0.496861,0.496837,0.491291,0.502407
q_ind_535_pop_1,0.000035,0.000001,0.000000,0.000316
q_ind_536_pop_1,0.000636,0.000503,0.000000,0.002077
q_ind_537_pop_1,0.000063,0.000001,0.000000,0.000558
q_ind_538_pop_1,0.496818,0.496841,0.491335,0.502187
q_ind_539_pop_1,0.000040,0.000001,0.000000,0.000346
q_ind_540_pop_1,0.058880,0.058754,0.052434,0.065787
q_ind_541_pop_1,0.000037,0.000001,0.000000,0.000342
q_ind_542_pop_1,0.145748,0.145732,0.135772,0.155907
q_ind_543_pop_1,0.495636,0.495669,0.490196,0.501047
q_ind_544_pop_1,0.000284,0.000010,0.000000,0.002308
q_ind_545_pop_1,0.000055,0.000001,0.000000,0.000463
q_ind_546_pop_1,0.051937,0.051836,0.044913,0.059435
q_ind_547_pop_1,0.000070,0.000002,0.000000,0.000594
q_ind_548_pop_1,0.155702,0.155718,0.146068,0.165826
q_ind_549_pop_1,0.494827,0.494854,0.489053,0.500576
q_ind_550_pop_1,0.000844,0.000540,0.000000,0.003339
q_ind_551_pop_1,0.060371,0.060330,0.054449,0.066504
q_ind_552_pop_1,0.000035,0.000001,0.000000,0.000314
q_ind_553_pop_1,0.000070,0.000002,0.000000,0.000602
q_ind_554_pop_1,0.000031,0.000001,0.000000,0.000272
q_ind_555_pop_1,0.495419,0.495443,0.490150,0.500593
q_ind_556_pop_1,0.000038,0.000001,0.000000,0.000339
q_ind_557_pop_1,0.000032,0.000001,0.000000,0.000287
q_ind_558_pop_1,0.000035,0.000001,0.000000,0.000322
q_ind_559_pop_1,0.000113,0.000004,0.000000,0.000885
q_ind_560_pop_1,0.001236,0.000363,0.000000,0.005096
q_ind_561_pop_1,0.000038,0.000001,0.000000,0.000350
q_ind_562_pop_1,0.000060,0.000002,0.000000,0.000501
q_ind_563_pop_1,0.000033,0.000001,0.000000,0.000313
q_ind_564_pop_1,0.000056,0.000001,0.000000,0.000498
q_ind_565_pop_1,0.000033,0.000001,0.000000,0.000289
q_ind_566_pop_1,0.000059,0.000002,0.000000,0.000507
q_ind_567_pop_1,0.000033,0.000001,0.000000,0.000298
q_ind_568_pop_1,0.000061,0.000002,0.000000,0.000479
q_ind_569_pop_1,0.000034,0.000001,0.000000,0.000304
q_ind_570_pop_1,0.029338,0.029280,0.024447,0.034793
q_ind_571_pop_1,0.524288,0.524271,0.517152,0.531519
q_ind_572_pop_1,0.045498,0.045435,0.040066,0.051248
q_ind_573_pop_1,0.000035,0.000001,0.000000,0.000309
q_ind_574_pop_1,0.072000,0.071934,0.064832,0.079501
q_ind_575_pop_1,0.000081,0.000003,0.000000,0.000631
q_ind_576_pop_1,0.000036,0.000001,0.000000,0.000320
q_ind_577_pop_1,0.003487,0.003405,0.001747,0.005637
q_ind_578_pop_1,0.498550,0.498575,0.493906,0.502767
q_ind_579_pop_1,0.498922,0.499693,0.494950,0.501103
q_ind_580_pop_1,0.502096,0.502157,0.497443,0.506698
q_ind_581_pop_1,0.498182,0.498218,0.493692,0.502630
q_ind_582_pop_1,0.497902,0.497902,0.493181,0.502693
q_ind_583_pop_1,0.500035,0.500070,0.496104,0.503942
q_ind_584_pop_1,0.000032,0.000001,0.000000,0.000287
q_ind_585_pop_1,0.002924,0.002823,0.001010,0.005424
q_ind_586_pop_1,0.000067,0.000002,0.000000,0.000552
q_ind_587_pop_1,0.219088,0.218990,0.207148,0.231119
q_ind_588_pop_1,0.004256,0.004120,0.001712,0.007515
q_ind_589_pop_1,0.999915,0.999997,0.999325,1.000000
q_ind_590_pop_1,0.001336,0.001253,0.000000,0.003208
q_ind_591_pop_1,0.025602,0.025514,0.020920,0.030712
q_ind_592_pop_1,0.006335,0.006263,0.004276,0.008733
q_ind_593_pop_1,0.000033,0.000001,0.000000,0.000309
q_ind_594_pop_1,0.000094,0.000004,0.000000,0.000688
q_ind_595_pop_1,0.000160,0.000007,0.000000,0.001190
q_ind_596_pop_1,0.003314,0.003247,0.001807,0.005212
q_ind_597_pop_1,0.087831,0.087757,0.081000,0.095021
q_ind_598_pop_1,0.000037,0.000001,0.000000,0.000308
q_ind_599_pop_1,0.004428,0.004388,0.002768,0.006386
q_ind_600_pop_1,0.018820,0.018736,0.014864,0.023178
q_ind_601_pop_1,0.012180,0.012141,0.009317,0.015270
q_ind_602_pop_1,0.000034,0.000001,0.000000,0.000300
q_ind_603_pop_1,0.000033,0.000001,0.000000,0.000283
q_ind_604_pop_1,0.000046,0.000001,0.000000,0.000386
q_ind_605_pop_1,0.009247,0.009179,0.006608,0.012356
q_ind_606_pop_1,0.000033,0.000001,0.000000,0.000300
q_ind_607_pop_1,0.000032,0.000001,0.000000,0.000288
q_ind_608_pop_1,0.000033,0.000001,0.000000,0.000287
q_ind_609_pop_1,0.000031,0.000001,0.000000,0.000276
q_ind_610_pop_1,0.000030,0.000001,0.000000,0.000262
q_ind_611_pop_1,0.016771,0.016727,0.013465,0.020373
q_ind_612_pop_1,0.000031,0.000001,0.000000,0.000272
q_ind_613_pop_1,0.000031,0.000001,0.000000,0.000284
q_ind_614_pop_1,0.000033,0.000001,0.000000,0.000297
q_ind_615_pop_1,0.000036,0.000001,0.000000,0.000316
q_ind_616_pop_1,0.048881,0.048835,0.043452,0.054638
q_ind_617_pop_1,0.000090,0.000003,0.000000,0.000747
q_ind_618_pop_1,0.000040,0.000001,0.000000,0.000358
q_ind_619_pop_1,0.004549,0.004499,0.002861,0.006583
q_ind_620_pop_1,0.000126,0.000004,0.000000,0.001084
q_ind_621_pop_1,0.000050,0.000001,0.000000,0.000450
q_ind_622_pop_1,0.000038,0.000001,0.000000,0.000344
q_ind_623_pop_1,0.000035,0.000001,0.000000,0.000336
q_ind_624_pop_1,0.000034,0.000001,0.000000,0.000304
q_ind_625_pop_1,0.000038,0.000001,0.000000,0.000355
q_ind_626_pop_1,0.000050,0.000001,0.000000,0.000407
q_ind_627_pop_1,0.004894,0.004794,0.002734,0.007533
q_ind_628_pop_1,0.000034,0.000001,0.000000,0.000319
q_ind_629_pop_1,0.000033,0.000001,0.000000,0.000295
q_ind_630_pop_1,0.000031,0.000001,0.000000,0.000274
q_ind_631_pop_1,0.004570,0.004562,0.001689,0.007276
q_ind_632_pop_1,0.000033,0.000001,0.000000,0.000299
q_ind_633_pop_1,0.000032,0.000001,0.000000,0.000293
q_ind_634_pop_1,0.010512,0.010465,0.007673,0.013644
q_ind_635_pop_1,0.009260,0.009193,0.006646,0.012163
q_ind_636_pop_1,0.000033,0.000001,0.000000,0.000305
q_ind_637_pop_1,0.000047,0.000001,0.000000,0.000421
q_ind_638_pop_1,0.005104,0.005047,0.003290,0.007295
q_ind_639_pop_1,0.000042,0.000001,0.000000,0.000369
q_ind_640_pop_1,0.000030,0.000001,0.000000,0.000279
q_ind_641_pop_1,0.100843,0.100800,0.093379,0.108531
q_ind_642_pop_1,0.000030,0.000001,0.000000,0.000269
q_ind_643_pop_1,0.032916,0.032882,0.028290,0.037951
q_ind_644_pop_1,0.089827,0.089785,0.083033,0.096724
q_ind_645_pop_1,0.000035,0.000001,0.000000,0.000333
q_ind_646_pop_1,0.060868,0.060766,0.054677,0.067353
q_ind_647_pop_1,0.001621,0.001226,0.000000,0.005263
q_ind_648_pop_1,0.007835,0.007784,0.005490,0.010530
q_ind_649_pop_1,0.000038,0.000001,0.000000,0.000348
q_ind_650_pop_1,0.002509,0.002436,0.001264,0.004128
q_ind_651_pop_1,0.003984,0.003975,0.001764,0.006447
q_ind_652_pop_1,0.000040,0.000001,0.000000,0.000345
q_ind_653_pop_1,0.000056,0.000001,0.000000,0.000475
q_ind_654_pop_1,0.047245,0.047221,0.041937,0.052673
q_ind_655_pop_1,0.000050,0.000001,0.000000,0.000432
q_ind_656_pop_1,0.000271,0.000031,0.000000,0.001552
q_ind_657_pop_1,0.000062,0.000002,0.000000,0.000556
q_ind_658_pop_1,0.000033,0.000001,0.000000,0.000290
q_ind_659_pop_1,0.000035,0.000001,0.000000,0.000298
q_ind_660_pop_1,0.000034,0.000001,0.000000,0.000285
q_ind_661_pop_1,0.024626,0.024524,0.020443,0.029263
q_ind_662_pop_1,0.000032,0.000001,0.000000,0.000284
q_ind_663_pop_1,0.004646,0.004576,0.002826,0.006801
q_ind_664_pop_1,0.000036,0.000001,0.000000,0.000326
q_ind_665_pop_1,0.000033,0.000001,0.000000,0.000297
q_ind_666_pop_1,0.000051,0.000001,0.000000,0.000455
q_ind_667_pop_1,0.000088,0.000004,0.000000,0.000675
q_ind_668_pop_1,0.000046,0.000001,0.000000,0.000432
q_ind_669_pop_1,0.000033,0.000001,0.000000,0.000305
q_ind_670_pop_1,0.000045,0.000001,0.000000,0.000430
q_ind_671_pop_1,0.000038,0.000001,0.000000,0.000328
q_ind_672_pop_1,0.000039,0.000001,0.000000,0.000344
q_ind_673_pop_1,0.000031,0.000001,0.000000,0.000267
q_ind_674_pop_1,0.000051,0.000001,0.000000,0.000462
q_ind_675_pop_1,0.000032,0.000001,0.000000,0.000276
q_ind_676_pop_1,0.000044,0.000001,0.000000,0.000388
q_ind_677_pop_1,0.031804,0.031777,0.027316,0.036551
q_ind_678_pop_1,0.000041,0.000001,0.000000,0.000369
q_ind_679_pop_1,0.000035,0.000001,0.000000,0.000315
q_ind_680_pop_1,0.000040,0.000001,0.000000,0.000338
q_ind_681_pop_1,0.005283,0.005222,0.003389,0.007535
q_ind_682_pop_1,0.033759,0.033754,0.029070,0.038623
q_ind_683_pop_1,0.000033,0.000001,0.000000,0.000290
q_ind_684_pop_1,0.000031,0.000001,0.000000,0.000283
q_ind_685_pop_1,0.007971,0.007882,0.005533,0.010839
q_ind_686_pop_1,0.034485,0.034458,0.029739,0.039621
q_ind_687_pop_1,0.011548,0.011452,0.008521,0.015004
q_ind_688_pop_1,0.000030,0.000001,0.000000,0.000257
q_ind_689_pop_1,0.000035,0.000001,0.000000,0.000313
q_ind_690_pop_1,0.000038,0.000001,0.000000,0.000329
q_ind_691_pop_1,0.000040,0.000001,0.000000,0.000365
q_ind_692_pop_1,0.000033,0.000001,0.000000,0.000297
q_ind_693_pop_1,0.007917,0.007832,0.004948,0.011367
q_ind_694_pop_1,0.000032,0.000001,0.000000,0.000302
q_ind_695_pop_1,0.000583,0.000498,0.000000,0.001773
q_ind_696_pop_1,0.000042,0.000001,0.000000,0.000376
q_ind_697_pop_1,0.000033,0.000001,0.000000,0.000305
q_ind_698_pop_1,0.000057,0.000002,0.000000,0.000508
q_ind_699_pop_1,0.000044,0.000002,0.000000,0.000384
q_ind_700_pop_1,0.017804,0.017756,0.013903,0.022006
q_ind_701_pop_1,0.000041,0.000001,0.000000,0.000371
q_ind_702_pop_1,0.099990,0.099954,0.093169,0.107242
q_ind_703_pop_1,0.025443,0.025391,0.021205,0.029949
q_ind_704_pop_1,0.000044,0.000001,0.000000,0.000391
q_ind_705_pop_1,0.000042,0.000001,0.000000,0.000366
q_ind_706_pop_1,0.006134,0.006107,0.002404,0.009973
q_ind_707_pop_1,0.035176,0.035097,0.030229,0.040561
q_ind_708_pop_1,0.025087,0.025001,0.020820,0.029661
q_ind_709_pop_1,0.492923,0.493015,0.487959,0.497302
q_ind_710_pop_1,0.471353,0.471547,0.462580,0.479402
q_ind_711_pop_1,0.486423,0.486486,0.480618,0.491845
q_ind_712_pop_1,0.492703,0.492787,0.487670,0.497240
q_ind_713_pop_1,0.485718,0.485834,0.479500,0.491301
q_ind_714_pop_1,0.488418,0.488481,0.483204,0.493170
q_ind_715_pop_1,0.489237,0.489288,0.483612,0.494451
q_ind_716_pop_1,0.506478,0.506570,0.499784,0.513210
q_ind_717_pop_1,0.831173,0.831161,0.820695,0.841190
q_ind_718_pop_1,0.680221,0.680315,0.666262,0.693382
q_ind_719_pop_1,0.497436,0.497625,0.491501,0.502472
q_ind_720_pop_1,0.487825,0.487863,0.481509,0.494268
q_ind_721_pop_1,0.720707,0.720837,0.710008,0.730917
q_ind_722_pop_1,0.487559,0.487640,0.481405,0.493456
q_ind_723_pop_1,0.485066,0.485066,0.478288,0.491349
q_ind_724_pop_1,0.493707,0.493799,0.488815,0.498006
q_ind_725_pop_1,0.490091,0.490195,0.484786,0.495012
q_ind_726_pop_1,0.481334,0.481416,0.474892,0.487158
q_ind_727_pop_1,0.496477,0.496330,0.491329,0.500657
q_ind_728_pop_1,0.749198,0.749339,0.738706,0.759192
q_ind_729_pop_1,0.490267,0.490387,0.484726,0.495201
q_ind_730_pop_1,0.486089,0.486150,0.480486,0.491643
q_ind_731_pop_1,0.504286,0.504278,0.498872,0.509895
q_ind_732_pop_1,0.493063,0.493096,0.488483,0.497126
q_ind_733_pop_1,0.486507,0.486563,0.480859,0.491865
q_ind_734_pop_1,0.494390,0.494488,0.489769,0.498544
q_ind_735_pop_1,0.495522,0.495570,0.490638,0.499965
q_ind_736_pop_1,0.481947,0.482030,0.476339,0.487429
q_ind_737_pop_1,0.494763,0.494846,0.490559,0.498667
q_ind_738_pop_1,0.494733,0.494740,0.489978,0.499744
q_ind_739_pop_1,0.685038,0.685033,0.674512,0.695326
q_ind_740_pop_1,0.491106,0.491192,0.486132,0.495524
q_ind_741_pop_1,0.494325,0.494286,0.489623,0.499743
q_ind_742_pop_1,0.495419,0.495458,0.490936,0.499656
q_ind_743_pop_1,0.495990,0.496065,0.491909,0.499810
q_ind_744_pop_1,0.498203,0.499003,0.492963,0.500265
q_ind_745_pop_1,0.494963,0.495020,0.490241,0.499571
q_ind_746_pop_1,0.490439,0.490575,0.485058,0.495390
q_ind_747_pop_1,0.485572,0.485615,0.480320,0.490492
q_ind_748_pop_1,0.490429,0.490445,0.485118,0.495359
q_ind_749_pop_1,0.493880,0.493988,0.489604,0.497281
q_ind_750_pop_1,0.494443,0.494443,0.489562,0.499265
q_ind_751_pop_1,0.532918,0.532862,0.518987,0.547228
q_ind_752_pop_1,0.729740,0.729664,0.719804,0.739791
q_ind_753_pop_1,0.493876,0.493919,0.489181,0.498115
q_ind_754_pop_1,0.507727,0.507745,0.502999,0.512166
q_ind_755_pop_1,0.496727,0.496788,0.492675,0.500000
q_ind_756_pop_1,0.472901,0.473003,0.464574,0.480689
q_ind_757_pop_1,0.492538,0.492628,0.487618,0.496959
q_ind_758_pop_1,0.506582,0.506560,0.502031,0.511249
q_ind_759_pop_1,0.487295,0.487415,0.482005,0.491885
q_ind_760_pop_1,0.496339,0.496370,0.491951,0.500608
q_ind_761_pop_1,0.479317,0.479394,0.472893,0.485406
q_ind_762_pop_1,0.470174,0.470264,0.462008,0.477650
q_ind_763_pop_1,0.498014,0.498028,0.494235,0.501781
q_ind_764_pop_1,0.003291,0.003208,0.001442,0.005622
q_ind_765_pop_1,0.001240,0.001172,0.000116,0.002730
q_ind_766_pop_1,0.482299,0.482344,0.475901,0.488724
q_ind_767_pop_1,0.483427,0.483402,0.477302,0.489615
q_ind_768_pop_1,0.491484,0.491442,0.485416,0.497534
q_ind_769_pop_1,0.437620,0.437635,0.426469,0.448369
q_ind_770_pop_1,0.445631,0.445680,0.433150,0.458166
q_ind_771_pop_1,0.420011,0.419998,0.405694,0.434624
q_ind_772_pop_1,0.443166,0.443213,0.432534,0.454102
q_ind_773_pop_1,0.480265,0.480308,0.473024,0.487394
q_ind_774_pop_1,0.000287,0.000110,0.000000,0.001331
q_ind_775_pop_1,0.000057,0.000001,0.000000,0.000500
q_ind_776_pop_1,0.001675,0.001696,0.000000,0.003925
q_ind_777_pop_1,0.487358,0.487386,0.481865,0.492548
q_ind_778_pop_1,0.000340,0.000225,0.000000,0.001315
q_ind_779_pop_1,0.000040,0.000001,0.000000,0.000358
q_ind_780_pop_1,0.499496,0.499507,0.495093,0.503851
q_ind_781_pop_1,0.002549,0.002469,0.001208,0.004303
q_ind_782_pop_1,0.002422,0.002349,0.001030,0.004197
q_ind_783_pop_1,0.016551,0.016452,0.012577,0.020943
q_ind_784_pop_1,0.006640,0.006556,0.004451,0.009261
q_ind_785_pop_1,0.008001,0.007925,0.005499,0.010892
q_ind_786_pop_1,0.000040,0.000001,0.000000,0.000357
q_ind_787_pop_1,0.000037,0.000001,0.000000,0.000337
q_ind_788_pop_1,0.000035,0.000001,0.000000,0.000303
q_ind_789_pop_1,0.000034,0.000001,0.000000,0.000301
q_ind_790_pop_1,0.029712,0.029627,0.025121,0.034672
q_ind_791_pop_1,0.494362,0.494381,0.489191,0.499447
q_ind_792_pop_1,0.001502,0.001437,0.000195,0.003137
q_ind_793_pop_1,0.008981,0.008939,0.006185,0.012144
q_ind_794_pop_1,0.000033,0.000001,0.000000,0.000286
q_ind_795_pop_1,0.000441,0.000357,0.000000,0.001440
q_ind_796_pop_1,0.004750,0.004711,0.002917,0.006910
q_ind_797_pop_1,0.012449,0.012391,0.009173,0.016121
q_ind_798_pop_1,0.001101,0.001040,0.000150,0.002321
q_ind_799_pop_1,0.000049,0.000001,0.000000,0.000442
q_ind_800_pop_1,0.005611,0.005542,0.003566,0.008023
q_ind_801_pop_1,0.000037,0.000001,0.000000,0.000312
q_ind_802_pop_1,0.004304,0.004234,0.002379,0.006620
q_ind_803_pop_1,0.010316,0.010247,0.007092,0.013924
q_ind_804_pop_1,0.004523,0.004453,0.002736,0.006706
q_ind_805_pop_1,0.004302,0.004219,0.002152,0.006866
q_ind_806_pop_1,0.000090,0.000005,0.000000,0.000686
q_ind_807_pop_1,0.000042,0.000001,0.000000,0.000372
q_ind_808_pop_1,0.000073,0.000002,0.000000,0.000642
q_ind_809_pop_1,0.000057,0.000001,0.000000,0.000491
q_ind_810_pop_1,0.000031,0.000001,0.000000,0.000272
q_ind_811_pop_1,0.000037,0.000001,0.000000,0.000311
q_ind_812_pop_1,0.000030,0.000001,0.000000,0.000282
q_ind_813_pop_1,0.510923,0.510909,0.506781,0.515322
q_ind_814_pop_1,0.502889,0.502841,0.499618,0.506273
q_ind_815_pop_1,0.505827,0.505822,0.502248,0.509404
q_ind_816_pop_1,0.502353,0.502330,0.498209,0.506458
q_ind_817_pop_1,0.000055,0.000001,0.000000,0.000512
q_ind_818_pop_1,0.505209,0.505176,0.500135,0.510248
q_ind_819_pop_1,0.504266,0.504264,0.500189,0.508360
q_ind_820_pop_1,0.221581,0.221541,0.212910,0.230538
q_ind_821_pop_1,0.040471,0.040401,0.035583,0.045781
q_ind_822_pop_1,0.000219,0.000006,0.000000,0.001924
q_ind_823_pop_1,0.000156,0.000005,0.000000,0.001332
q_ind_824_pop_1,0.000106,0.000003,0.000000,0.000876
q_ind_825_pop_1,0.000046,0.000001,0.000000,0.000414
q_ind_826_pop_1,0.076532,0.076467,0.069578,0.083747
q_ind_827_pop_1,0.007040,0.006984,0.004966,0.009424
q_ind_828_pop_1,0.000051,0.000002,0.000000,0.000408
q_ind_829_pop_1,0.495264,0.495353,0.492197,0.497736
q_ind_830_pop_1,0.497521,0.497533,0.493512,0.501390
q_ind_831_pop_1,0.033801,0.033766,0.029041,0.038584
q_ind_832_pop_1,0.498495,0.498507,0.494294,0.502410
q_ind_833_pop_1,0.499197,0.499169,0.495788,0.502669
q_ind_834_pop_1,0.000279,0.000060,0.000000,0.001445
q_ind_835_pop_1,0.000031,0.000001,0.000000,0.000271
q_ind_836_pop_1,0.000033,0.000001,0.000000,0.000306
q_ind_837_pop_1,0.507911,0.507904,0.503736,0.512224
q_ind_838_pop_1,0.502251,0.502239,0.499130,0.505490
q_ind_839_pop_1,0.000038,0.000001,0.000000,0.000349
q_ind_840_pop_1,0.000045,0.000001,0.000000,0.000398
q_ind_841_pop_1,0.003956,0.003956,0.001638,0.006375
q_ind_842_pop_1,0.501009,0.501040,0.497295,0.504647
q_ind_843_pop_1,0.501468,0.501493,0.498611,0.504407
q_ind_844_pop_1,0.503910,0.503899,0.500943,0.506932
q_ind_845_pop_1,0.504159,0.504146,0.500616,0.507722
q_ind_846_pop_1,0.491803,0.491810,0.487412,0.496143
q_ind_847_pop_1,0.498299,0.498341,0.494546,0.501991
q_ind_848_pop_1,0.531824,0.531789,0.526345,0.537409
q_ind_849_pop_1,0.000036,0.000001,0.000000,0.000330
q_ind_850_pop_1,0.000073,0.000002,0.000000,0.000659
q_ind_851_pop_1,0.000039,0.000001,0.000000,0.000335
q_ind_852_pop_1,0.000031,0.000001,0.000000,0.000276
q_ind_853_pop_1,0.000035,0.000001,0.000000,0.000301
q_ind_854_pop_1,0.000059,0.000001,0.000000,0.000529
q_ind_855_pop_1,0.000049,0.000001,0.000000,0.000444
q_ind_856_pop_1,0.000031,0.000001,0.000000,0.000273
q_ind_857_pop_1,0.000032,0.000001,0.000000,0.000278
q_ind_858_pop_1,0.000029,0.000001,0.000000,0.000264
q_ind_859_pop_1,0.000951,0.000717,0.000000,0.003204
q_ind_860_pop_1,0.000032,0.000001,0.000000,0.000284
q_ind_861_pop_1,0.004580,0.004528,0.002817,0.006719
q_ind_862_pop_1,0.000086,0.000004,0.000000,0.000624
q_ind_863_pop_1,0.000031,0.000001,0.000000,0.000282
q_ind_864_pop_1,0.000040,0.000001,0.000000,0.000368
q_ind_865_pop_1,0.000120,0.000007,0.000000,0.000824
q_ind_866_pop_1,0.500114,0.500143,0.496158,0.503982
q_ind_867_pop_1,0.000055,0.000002,0.000000,0.000469
q_ind_868_pop_1,0.000040,0.000001,0.000000,0.000356
q_ind_869_pop_1,0.000046,0.000001,0.000000,0.000407
q_ind_870_pop_1,0.499150,0.499183,0.495521,0.502527
q_ind_871_pop_1,0.000031,0.000001,0.000000,0.000285
q_ind_872_pop_1,0.000058,0.000001,0.000000,0.000489
q_ind_873_pop_1,0.000035,0.000001,0.000000,0.000316
q_ind_874_pop_1,0.000031,0.000001,0.000000,0.000260
q_ind_875_pop_1,0.000034,0.000001,0.000000,0.000300
q_ind_876_pop_1,0.501183,0.501180,0.497581,0.504735
q_ind_877_pop_1,0.000031,0.000001,0.000000,0.000270
q_ind_878_pop_1,0.000082,0.000002,0.000000,0.000696
q_ind_879_pop_1,0.000202,0.000006,0.000000,0.001621
q_ind_880_pop_1,0.007466,0.007401,0.005103,0.010277
q_ind_881_pop_1,0.502313,0.502264,0.499726,0.505005
q_ind_882_pop_1,0.002929,0.002871,0.001521,0.004671
q_ind_883_pop_1,0.500713,0.500687,0.497355,0.504089
q_ind_884_pop_1,0.018432,0.018371,0.014729,0.022494
q_ind_885_pop_1,0.000036,0.000001,0.000000,0.000313
q_ind_886_pop_1,0.003735,0.003637,0.001136,0.006875
q_ind_887_pop_1,0.002828,0.002751,0.001236,0.004842
q_ind_888_pop_1,0.006912,0.006853,0.004568,0.009603
q_ind_889_pop_1,0.000041,0.000001,0.000000,0.000370
q_ind_890_pop_1,0.000511,0.000160,0.000000,0.002486
q_ind_891_pop_1,0.000033,0.000001,0.000000,0.000290
q_ind_892_pop_1,0.005597,0.005521,0.003086,0.008579
q_ind_893_pop_1,0.003776,0.003725,0.002246,0.005597
q_ind_894_pop_1,0.000061,0.000002,0.000000,0.000524
q_ind_895_pop_1,0.016002,0.015958,0.012292,0.020043
q_ind_896_pop_1,0.000346,0.000217,0.000000,0.001399
q_ind_897_pop_1,0.009892,0.009825,0.007248,0.012867
q_ind_898_pop_1,0.000239,0.000031,0.000000,0.001364
q_ind_899_pop_1,0.000039,0.000001,0.000000,0.000346
q_ind_900_pop_1,0.006281,0.006229,0.004167,0.008759
q_ind_901_pop_1,0.000033,0.000001,0.000000,0.000293
q_ind_902_pop_1,0.018559,0.018483,0.015067,0.022352
q_ind_903_pop_1,0.000116,0.000005,0.000000,0.000897
q_ind_904_pop_1,0.010891,0.010852,0.008119,0.013938
q_ind_905_pop_1,0.000045,0.000001,0.000000,0.000400
q_ind_906_pop_1,0.020810,0.020776,0.017032,0.024781
q_ind_907_pop_1,0.000327,0.000028,0.000000,0.002278
q_ind_908_pop_1,0.000044,0.000001,0.000000,0.000387
q_ind_909_pop_1,0.000033,0.000001,0.000000,0.000283
q_ind_910_pop_1,0.503819,0.503809,0.499460,0.508117
q_ind_911_pop_1,0.000048,0.000001,0.000000,0.000423
q_ind_912_pop_1,0.000039,0.000001,0.000000,0.000340
q_ind_913_pop_1,0.000066,0.000002,0.000000,0.000580
q_ind_914_pop_1,0.000084,0.000002,0.000000,0.000715
q_ind_915_pop_1,0.000030,0.000001,0.000000,0.000259
q_ind_916_pop_1,0.000033,0.000001,0.000000,0.000296
q_ind_917_pop_1,0.000030,0.000001,0.000000,0.000268
q_ind_918_pop_1,0.000038,0.000001,0.000000,0.000348
q_ind_919_pop_1,0.002479,0.002422,0.001255,0.004027
q_ind_920_pop_1,0.497104,0.497139,0.490748,0.503118
q_ind_921_pop_1,0.501305,0.501347,0.495901,0.506582
q_ind_922_pop_1,0.999041,0.999080,0.997538,1.000000
q_ind_923_pop_1,0.497567,0.497575,0.490996,0.503916
q_ind_924_pop_1,0.494979,0.495096,0.488061,0.501458
q_ind_925_pop_1,0.747505,0.747511,0.738151,0.756656
q_ind_926_pop_1,0.767365,0.767430,0.758251,0.776434
q_ind_927_pop_1,0.500718,0.500691,0.496028,0.505500
q_ind_928_pop_1,0.538445,0.538498,0.525554,0.551198
q_ind_929_pop_1,0.732650,0.732621,0.723386,0.741997
q_ind_930_pop_1,0.482878,0.483033,0.471532,0.493403
q_ind_931_pop_1,0.506247,0.506269,0.498312,0.514285
q_ind_932_pop_1,0.499146,0.499140,0.494029,0.504192
q_ind_933_pop_1,0.491746,0.491775,0.485836,0.497501
q_ind_934_pop_1,0.484813,0.484840,0.476296,0.493056
q_ind_935_pop_1,0.508108,0.508071,0.501909,0.514591
q_ind_936_pop_1,0.499118,0.499080,0.492865,0.505523
q_ind_937_pop_1,0.497537,0.497540,0.491621,0.503304
q_ind_938_pop_1,0.497877,0.497884,0.493188,0.502708
q_ind_939_pop_1,0.490597,0.490613,0.484182,0.497196
q_ind_940_pop_1,0.777247,0.777304,0.767688,0.786500
q_ind_941_pop_1,0.501520,0.501485,0.496645,0.506367
q_ind_942_pop_1,0.506552,0.506577,0.501640,0.511621
q_ind_943_pop_1,0.504924,0.504923,0.500510,0.509562
q_ind_944_pop_1,0.000177,0.000012,0.000000,0.001232
q_ind_945_pop_1,0.001947,0.001872,0.000672,0.003613
q_ind_946_pop_1,0.498476,0.498420,0.493794,0.503090
q_ind_947_pop_1,0.000062,0.000002,0.000000,0.000517
q_ind_948_pop_1,0.000040,0.000001,0.000000,0.000360
q_ind_949_pop_1,0.512149,0.512117,0.506651,0.517802
q_ind_950_pop_1,0.009766,0.009684,0.006460,0.013493
q_ind_951_pop_1,0.012112,0.012032,0.008837,0.015726
q_ind_952_pop_1,0.025270,0.025255,0.021249,0.029704
q_ind_953_pop_1,0.493674,0.493693,0.486805,0.500555
q_ind_954_pop_1,0.496843,0.496835,0.490612,0.503082
q_ind_955_pop_1,0.494832,0.494811,0.488486,0.501173
q_ind_956_pop_1,0.000123,0.000005,0.000000,0.000964
q_ind_957_pop_1,0.000846,0.000660,0.000000,0.002914
q_ind_958_pop_1,0.000046,0.000001,0.000000,0.000402
q_ind_959_pop_1,0.000035,0.000001,0.000000,0.000299
q_ind_960_pop_1,0.000041,0.000001,0.000000,0.000338
q_ind_961_pop_1,0.000053,0.000001,0.000000,0.000467
q_ind_962_pop_1,0.000102,0.000005,0.000000,0.000797
q_ind_963_pop_1,0.999949,0.999999,0.999539,1.000000
q_ind_964_pop_1,0.000729,0.000553,0.000000,0.002489
q_ind_965_pop_1,0.495912,0.495971,0.489417,0.502149
q_ind_966_pop_1,0.000234,0.000024,0.000000,0.001383
q_ind_967_pop_1,0.500653,0.500644,0.495493,0.505914
q_ind_968_pop_1,0.000071,0.000002,0.000000,0.000614
q_ind_969_pop_1,0.004819,0.004750,0.002989,0.006998
q_ind_970_pop_1,0.000034,0.000001,0.000000,0.000300
q_ind_971_pop_1,0.000054,0.000001,0.000000,0.000480
q_ind_972_pop_1,0.000244,0.000062,0.000000,0.001240
q_ind_973_pop_1,0.000148,0.000010,0.000000,0.001021
q_ind_974_pop_1,0.030597,0.030524,0.026105,0.035374
q_ind_975_pop_1,0.000067,0.000002,0.000000,0.000567
q_ind_976_pop_1,0.000053,0.000001,0.000000,0.000459
q_ind_977_pop_1,0.000114,0.000003,0.000000,0.000947
q_ind_978_pop_1,0.000059,0.000002,0.000000,0.000520
q_ind_979_pop_1,0.000194,0.000023,0.000000,0.001083
q_ind_980_pop_1,0.492120,0.492143,0.485836,0.498489
q_ind_981_pop_1,0.000134,0.000004,0.000000,0.001099
q_ind_982_pop_1,0.000055,0.000001,0.000000,0.000490
q_ind_983_pop_1,0.496952,0.496949,0.492462,0.501508
q_ind_984_pop_1,0.000040,0.000001,0.000000,0.000370
q_ind_985_pop_1,0.000046,0.000001,0.000000,0.000416
q_ind_986_pop_1,0.000099,0.000004,0.000000,0.000764
q_ind_987_pop_1,0.007933,0.007867,0.005580,0.010589
q_ind_988_pop_1,0.000735,0.000658,0.000000,0.002075
q_ind_989_pop_1,0.000117,0.000004,0.000000,0.000922
q_ind_990_pop_1,0.000083,0.000002,0.000000,0.000746
q_ind_991_pop_1,0.011730,0.011658,0.008671,0.015088
q_ind_992_pop_1,0.000088,0.000004,0.000000,0.000665
q_ind_993_pop_1,0.000051,0.000002,0.000000,0.000418
q_ind_994_pop_1,0.000757,0.000597,0.000000,0.002513
q_ind_995_pop_1,0.792794,0.792832,0.782926,0.802379
q_ind_996_pop_1,0.000490,0.000306,0.000000,0.001948
q_ind_997_pop_1,0.000064,0.000002,0.000000,0.000526
q_ind_998_pop_1,0.000066,0.000002,0.000000,0.000588
q_ind_999_pop_1,0.002754,0.002688,0.000176,0.005676
q_ind_1000_pop_1,0.000214,0.000055,0.000000,0.001062
q_ind_1001_pop_1,0.000061,0.000002,0.000000,0.000525
q_ind_1002_pop_1,0.000106,0.000003,0.000000,0.000856
q_ind_1003_pop_1,0.001366,0.001291,0.000404,0.002755
q_ind_1004_pop_1,0.000047,0.000001,0.000000,0.000433
q_ind_1005_pop_1,0.000058,0.000001,0.000000,0.000506
q_ind_1006_pop_1,0.003115,0.002969,0.000848,0.006125
q_ind_1007_pop_1,0.006160,0.006108,0.004148,0.008651
q_ind_1008_pop_1,0.000110,0.000005,0.000000,0.000806
q_ind_1009_pop_1,0.000054,0.000001,0.000000,0.000492
q_ind_1010_pop_1,0.000101,0.000003,0.000000,0.000846
q_ind_1011_pop_1,0.000169,0.000009,0.000000,0.001190
q_ind_1012_pop_1,0.000122,0.000007,0.000000,0.000880
q_ind_1013_pop_1,0.000053,0.000002,0.000000,0.000453
q_ind_1014_pop_1,0.001723,0.001625,0.000000,0.004399
q_ind_1015_pop_1,0.001401,0.001341,0.000006,0.003125
q_ind_1016_pop_1,0.000576,0.000407,0.000000,0.002124
q_ind_1017_pop_1,0.000119,0.000009,0.000000,0.000781
q_ind_1018_pop_1,0.000123,0.000005,0.000000,0.000941
q_ind_1019_pop_1,0.000178,0.000019,0.000000,0.001080
q_ind_1020_pop_1,0.000192,0.000031,0.000000,0.001064
q_ind_1021_pop_1,0.000076,0.000002,0.000000,0.000664
q_ind_1022_pop_1,0.000047,0.000001,0.000000,0.000402
q_ind_1023_pop_1,0.000032,0.000001,0.000000,0.000276
q_ind_1024_pop_1,0.000179,0.000030,0.000000,0.001025
q_ind_1025_pop_1,0.005910,0.005792,0.003104,0.009449
q_ind_1026_pop_1,0.001730,0.001584,0.000000,0.004760
q_ind_1027_pop_1,0.000161,0.000013,0.000000,0.001086
q_ind_1028_pop_1,0.000095,0.000004,0.000000,0.000716
q_ind_1029_pop_1,0.000118,0.000005,0.000000,0.000881
q_ind_1030_pop_1,0.000048,0.000001,0.000000,0.000436
q_ind_1031_pop_1,0.000204,0.000013,0.000000,0.001366
q_ind_1032_pop_1,0.000075,0.000002,0.000000,0.000633
q_ind_1033_pop_1,0.000073,0.000002,0.000000,0.000636
q_ind_1034_pop_1,0.000081,0.000002,0.000000,0.000735
q_ind_1035_pop_1,0.001538,0.001465,0.000373,0.003126
q_ind_1036_pop_1,0.000035,0.000001,0.000000,0.000307
q_ind_1037_pop_1,0.000064,0.000002,0.000000,0.000530
q_ind_1038_pop_1,0.001518,0.001440,0.000173,0.003301
q_ind_1039_pop_1,0.497005,0.496909,0.480063,0.513994
q_ind_1040_pop_1,0.000067,0.000002,0.000000,0.000528
q_ind_1041_pop_1,0.003961,0.003868,0.001728,0.006751
